"题号","题干","A","B","C","D","E","答案","难度","题型"
"1","在农业合作化进程中，具有半社会主义性质的组织形式是（  ）。","初级农业生产合作社","常年互助组","临时互助组","高级农业生产合作社","","A","无","单选题"
"2","对手工业的社会主义改造，党和政府采取了（　）的方针。","自愿互利、典型示范和国家帮助","积极领导、稳步前进","利用、限制、改造","和平赎买","","B","无","单选题"
"3","新民主主义革命时期，中国共产党领导的统一战线，先后经历了（  ）等几个时期。","工农民主统一战线、第一次国共合作的统一战线、抗日民族统一战线、人民民主统一战线","第一次国共合作的统一战线、工农民主统一战线、抗日民族统一战线、人民民主统一战线","第一次国共合作的统一战线、工农民主统一战线、人民民主统一战线、抗日民族统一战线","工农民主统一战线、第一次国共合作的统一战线、人民民主统一战线、抗日民族统一战线","","B","无","单选题"
"4","新民主主义社会是属于（  ）体系的。","独立","资本主义","社会主义","封建主义","","C","无","单选题"
"5","由于经济文化还比较落后，中国的社会主义还只能是（  ）阶段的社会主义。","高级","初级","萌芽","中级","","B","无","单选题"
"6","在对农业的社会主义改造中，互助组具有（  ）性质。","半社会主义","社会主义","社会主义萌芽","私人经济","","C","无","单选题"
"7","1948年，毛泽东在（  ）中完整地总结和概括了新民主主义革命总路线的内容。","《改造我们的学习》","《中国革命和中国共产党》","《论人民民主专政》","《在晋绥干部会议上的讲话》","","D","无","单选题"
"8","在新民主主义社会中，（  ）的因素不论在经济上还是在政治上都已经居于领导地位。","社会主义","资本主义","半社会主义","非社会主义","","A","无","单选题"
"9","中国革命必须走农村包围城市、武装夺取政权的道路，是由（  ）决定的。","中国的社会性质","共产国际的要求","马克思主义理论","中国所处的时代特点和具体国情","","D","无","单选题"
"10","（  ）是中国历史上最深刻最伟大的社会变革，为当代中国一切发展进步奠定了制度基础。","辛亥革命","新中国的成立","社会主义基本制度的确立","第一部《中华人民共和国宪法》的颁布","","C","无","单选题"
"11","对手工业的社会主义改造是通过（  ），把个体手工业经济改造成为社会主义经济的过程。","发展互助组","和平赎买","合作化道路","国家帮助","","C","无","单选题"
"12","在对手工业的社会主义改造中，手工业供销合作社具有（  ）性质。","半社会主义","半资本主义","资本主义","社会主义","","A","无","单选题"
"13","近代中国社会最大的压迫是（  ），决定了无产阶级及其政党可以把一切爱国的、不愿受帝国主义奴役的人们团结在自己的周围。","思想压迫","民族压迫","阶级压迫","政治压迫","","B","无","单选题"
"14","在资本主义工商业的社会主义改造中，采用的赎买具体方式是（  ）。","将民族资本主义经济进行分割，一部分属于国家，一部分属于资本家","由国家支付一笔巨额补偿资金","让资本家在一定年限内从企业经营所得中获取一部分利润","遵循自愿互利、典型示范和国家帮助的原则","","C","无","单选题"
"15","党领导的革命统一战线，包含着两个联盟，其中（  ）是非基本的、辅助性的，但又是重要的不可缺少的。","工人阶级同农
民阶级的联盟","工人阶级和非劳动人民的联盟","工人阶级同广大知识分子及其他劳动者的联盟","工人阶级和城市小资产阶级的联盟","","B","无","单选题"
"16","在新民主主义条件下保护民族工商业，发展资本主义，是由（  ）所决定的。","新民主主义革命的目标","社会主义革命的性质","社会主要矛盾","中国落后的生产力和新民主主义革命的性质","","D","无","单选题"
"17","新民主主义社会是（  ）。","过渡性的社会","固定不变的社会","共产主义社会的初级阶段","独立的社会形态","","A","无","单选题"
"18","无产阶级及其政党实现领导权的关键是（  ）。","坚持独立自主的原则","加强无产阶级政党的建设","建立强大的革命武装","必须建立以工农联盟为基础的广泛的统一战线","","D","无","单选题"
"19","1949年3月，党的七届二中全会提出（  ）的思想。","两个转变同时并举","和平赎买","一化三改","三大改造","","A","无","单选题"
"20","国家资本主义的性质取决于（  ）。","垄断组织的性质","资本主义的经济地位","所在国家的性质","国家阶级构成","","C","无","单选题"
"21","（  ），我国对农业、手工业和资本主义工商业的社会主义改造基本完成。","1953年底","1956年底","1952年底","1956年初","","B","无","单选题"
"22","国家资本主义有初级形式和高级形式之分。高级形式的国家资本主义是（  ）。","统购包销","和平赎买","公私合营","经销代销","","C","无","单选题"
"23","新民主主义社会中的合作社经济是（  ）。","国家资本主义性质","社会主义性质","个体性质","半社会主义性质","","D","无","单选题"
"24","1953年，毛泽东在（  ）上正式提出过渡时期的总路线和总任务。","中央政治局会议","党的七届二中全会","党的八大","党的八届二中全会","","A","无","单选题"
"25","伴随着社会经济制度和社会经济结构的根本变化，我国社会的阶级关系也发生了根本的变化，其中，（  ）已经成为国家的领导阶级。","工人阶级","地主阶级","农民阶级","资产阶级","","A","无","单选题"
"26","（  ）指出：""当人民推翻了帝国主义、封建主义和官僚资本主义的统治之后，中国要向哪里去？向资本主义，还是向社会主义？……事实已经回答了这个问题：只有社会主义能够救中国。社会主义制度促进了我国生产力的突飞猛进的发展，这一点，甚至连国外的敌人也不能不承认了。""","刘少奇","邓小平","毛泽东","陈云","","C","无","单选题"
"27","1951年前后，党内大体形成了（  ）的共识。","先用三个五年计划的时间搞工业化建设，再向社会主义过渡","工作重心逐渐开始转向城市","稳步地由农业国变为工业国，由新民主主义国家转变为社会主义国家","迅速完成向社会主义过渡","","A","无","单选题"
"28","1956年底，资本主义私有制基本上转变成为（  ）。","无产阶级所有制","集体所有制","劳动者私有制","全民所有的公有制","","D","无","单选题"
"29","落后国家在先进国家无产阶级的帮助下，""可以不经过资本主义发展阶段而过渡到苏维埃制度，然后经过一定的发展阶段过渡到共产主义""，这是（  ）提出的。","列宁","马克思","毛泽东","恩格斯","","A","无","单选题"
"30","全行业公私合营后，国家对合营企业进行（  ）。","无偿没收","四马分肥","清产核资、定股定息","核价收购","","C","无","单选题"
"31","新民主主义革命理论是在（  ）的基础上形成的。","总结俄国十月革命的胜利的经验","总结旧民主主义革命失败的教训","总结新民主主义革命的成功实践","总结革命斗争正反两方面实践经验","","D","无","单选题"
"32","党对农业的社会主义改造采取了循序渐进的步骤，逐步实现过渡。其中第二阶段是建立（  ）。","农业生产互助组","农业生产变工队","初级农业生产合作社","高级农业生产合作社","","C","无","单选题"
"33","从1949年至1952年，党领导人民完成的主要任务是（  ）。","制定《中华人民共和国宪法》并颁布施行","集中力量恢复国民经济，继续完成民主革命遗留的任务","依照过渡时期的总路线向社会主义过渡","打败美帝国主义支持下的国民党反动派","","B","无","单选题"
"34","建立最广泛的统一战线，首先是由中国半殖民地半封建社会的阶级状况所决定的。毛泽东指出，""中国社会是一个两头小中间大的社会""。这里的""两头小""是指（  ）。","无产阶级和地主大资产阶级占少数","民族资产阶级和地主大资产阶级占少数","农民和城市小资产阶级占少数","农民和无产阶级占少数","","A","无","单选题"
"35","1949年，毛泽东在（  ）一文中，对新民主主义革命的基本经验作了集中概括，丰富和发展了马克思主义关于无产阶级领导人民革命的理论。","《中国革命和中国共产党》","《论人民民主专政》","《新民主主义论》","《实践论》","","B","无","单选题"
"36","在土地革命战争时期，革命的主要对象是（  ）。","美帝国主义支持下的国民党反动派","帝国主义支持下的北洋军阀","日本帝国主义","国民党新军阀","","D","无","单选题"
"37","在探索中国社会主义建设道路过程中，毛泽东提出，社会主义又可分为(    )个阶段。","三个","两个","四个","五个","","B","无","单选题"
"38","中国革命要分两步走，第一步是完成新民主主义革命任务，第二步是完成（  ）任务，这是性质不同但又相互联系的两个革命过程。","资本主义革命","新式的资产阶级民主革命","共产主义革命","社会主义革命","","D","无","单选题"
"39","（  ），是以毛泽东同志为主要代表的中国共产党人对一个脱胎于半殖民地半封建的东方大国如何进行社会主义革命问题的系统回答和正确解决，是马克思列宁主义关于社会主义革命理论在中国的正确运用和创造性发展的结果。","解放战争的胜利","社会主义基本制度的确立","新中国的成立","三反""五反运动的结束","","B","无","单选题"
"40","关于党建立、巩固和发展统一战线的实践经验，以下说法错误的是（  ）。","要采取区别对待的方针，要坚持发展中间势力、孤立顽固势力的策略方针","要建立巩固的工农联盟","要正确对待资产阶级，尤其是民族资产阶级","要坚持独立自主的原则","","A","无","单选题"
"41","手工业生产合作社是（  ）的集体经济组织，生产资料归社员集体所有。","半社会主义性质","社会主义性质","社会主义萌芽性质","资本主义萌芽性质","","B","无","单选题"
"42","要正确对待资产阶级，尤其是民族资产阶级。在革命斗争中要依据革命的需要，对资产阶级实行（  ）的策略。","联合","没收资本","耐心等待","既联合又斗争","","D","无","单选题"
"43","统一战线是实行武装斗争的统一战线，武装斗争是统一战线的中心支柱，（  ）则是掌握统一战线和武装斗争这两个武器以实行对敌冲锋陷阵的英勇战士。","党的组织","工农联盟","马克思主义理论","人民民主专政","","A","无","单选题"
"44","实践表明，照抄照搬苏联经验不符合中国国情，仍需要实现（   ），积极探索适合中国特点的社会主义建设道路。","中国特色社会主义","马克思主义与中国实际的正式结合","马克思主义与中国实际的""第二次结合""","社会主义本质的科学解答","","C","无","单选题"
"45","（  ）是中国革命的首要对象。","帝国主义支持下的北洋军阀","帝国主义","封建地主阶级","官僚资本主义","","B","无","单选题"
"46","1954年9月，周恩来在一届全国人大一次会议的政府工作报告中代表党中央第一次提出关于（   ）的构想。","两参一改三结合","一纲四目","两个""中间地带""","四个现代化","","D","无","单选题"
"47","党的（　 ）提出，要扩大社会主义民主，开展反对官僚主义的斗争。","七大","八大","一大","三大","","B","无","单选题"
"48","为了走中国工业化道路，党的八大提出（   ）的方针。","以阶级斗争为中心的方针","以经济建设为中心的方针","既反保守又反冒进、在综合平衡中稳步前进的方针","统筹兼顾的方针","","C","无","单选题"
"49","中国革命走农村包围城市、武装夺取政权的道路，根本在于处理好（  ）。","土地革命、武装斗争、农村革命根据地建设三者之间的关系","实事求是、群众路线、独立自主之间的关系","统一战线、武装斗争、党的建设之间的关系","新民主主义革命和社会主义革命之间的关系","","A","无","单选题"
"50","国家资本主义经济是私人资本主义经济向（　）过渡的形式。","合作社经济","社会主义国营经济","集体经济","个体经济","","B","无","单选题"
"51","对资本主义工商业进行社会主义改造经历了三个步骤，其中实行第一步和第二步时在利润分配上采取的政策是（  ）。","劳资两利","统筹兼顾","四马分肥","公私兼顾","","C","无","单选题"
"52","1949年新中国的建立，标志着中国已从半殖民地半封建社会进入（  ）。","新民主主义社会","资本主义社会","共产主义社会","社会主义社会","","A","无","单选题"
"53","毛泽东提出，对于政治思想领域的人民内部矛盾，实行（    ）的方针。","百花齐放，百家争鸣","长期共存、互相监督","团结-批评-团结","民族平等、团结互助","","C","无","单选题"
"54","毛泽东在《关于正确处理人民内部矛盾的问题》中提出对于物质利益、分配方面的人民内部矛盾，实行（    ）的方针，兼顾国家、集体和个人三方面的利益。","调整、巩固、提高","统筹兼顾、适当安排","团结-批评-团结","坚持民主集中制原则","","B","无","单选题"
"55","人民军队政治工作的基本原则包括（  ）。","官兵一致的原则、军民一致的原则、瓦解敌军和优待俘虏的原则","军政一致的原则、军民一致的原则、瓦解敌军和优待俘虏的原则","官兵一致的原则、军政一致的原则、瓦解敌军和优待俘虏的原则","官兵一致的原则、军民一致的原则、军政一致的原则","","A","无","单选题"
"56","党的八大在探索社会主义建设道路方面的重大贡献是（　 ）。","提出党的工作重心转移到社会主义现代化建设中来","提出大力加强执政党建设的思想","提出要正确处理两类不同性质的矛盾","对当时我国的国情、阶级状况、主要矛盾及党的主要任务的分析基本是正确的","","D","无","单选题"
"57","（  ）为农村革命根据地的创立、巩固和发展提供了坚强后盾。","相当力量正式红军的存在","农业生产条件的改善","经济实力显著增强","统一战线的形成","","A","无","单选题"
"58","新中国成立以来我们在社会主义建设中所经历的曲折和失误，归根结底在于没有完全搞清楚（    ）。","阶级斗争和经济建设的关系","什么是社会主义、怎样建设社会主义","解放生产力和发展生产力的关系","计划与市场的关系","","B","无","单选题"
"59","党领导人民探索社会主义建设道路汲取了(    )的经验教训，根据自己的实践形成了许多独创性成果，深化了对社会主义的认识。","美国模式","越南模式","苏联模式","朝鲜模式","","C","无","单选题"
"60","毛泽东认为，解决不同性质的矛盾，要采取不同的方法。解决敌我矛盾需要用的方法是（     ）。","斗争","暴力","专政","镇压","","C","无","单选题"
"61","1956年毛泽东在《论十大关系》的报告中，从十个方面论述了我国社会主义建设需要重点把握的重大关系。其中前三条讲重工业和轻工业、农业的关系，沿海工业和内地工业的关系，经济建设和国防建设的关系。这里涉及的问题的实质是（ 　 ）。","优先发展工业，特别是优先发展重工业","如何开辟一条和苏联有所不同的中国工业化道路问题","建设社会主义要努力发展经济，提高生产力水平","实现社会主义工业化要照抄照搬苏联模式","","B","无","单选题"
"62","随着土地改革的基本完成，（  ）的矛盾逐步成为我国社会的主要矛盾。","工人阶级和资产阶级","无产阶级和官僚资本主义","工人阶级和封建主义","封建主义和人民大众","","A","无","单选题"
"63","社会主义建设阶段，毛泽东确立的建设社会主义的根本思想是(    )。","依据东欧国家的经验建设","根据马列主义现成理论建设","依据苏联的建设经验建设","根据本国情况走自己的道路","","D","无","单选题"
"64","20世纪50年代末60年代初，党在探索社会主义建设道路过程中，提出了一些重要思想理论观点。在经济体制和运行机制改革方面，毛泽东提出实行""两参一改三结合""。""两参一改三结合""的""一改""是指（    ）。","改革工资分配制度","改革厂长经理负责制","改革不合理的规章制度","改革计划经济体制","","C","无","单选题"
"65","1963年，周总理根据两岸关系的最新形势，在总结十年来对台工作的基本经验的基础上，将中国共产党对台政策归纳为（    ）。","一国两制","一纲四目","和平统一","和为贵","","B","无","单选题"
"66","在社会主义初步探索时期，在科技工作方面，我们党提出了（   ）的口号。","深入实施科教兴国战略","科技是第一生产力","向科学进军","科技创造未来","","C","无","单选题"
"67","20世纪50年代，毛泽东提出，中国工业化道路中最重要的问题是(    )。","国家、生产单位和生产者个人的关系问题","优先发展重工业的问题","抓好农业基础地位的问题","重工业、轻工业和农业的发展关系问题","","D","无","单选题"
"68","党在过渡时期总路线的主要内容被概括为""一化三改""。""一化""即（  ）。","社会主义工业化","四个现代化","工业现代化","资本主义工业化","","A","无","单选题"
"69","毛泽东在《论十大关系》中论述的第一大关系是（   ）。","革命和反革命的关系","沿海工业和内地工业的关系","重工业、轻工业和农业的关系","经济建设和国防建设的关系","","C","无","单选题"
"70","（　　）提出，""我们的目标，是想造成一个又有集中又有民主，又有纪律又有自由，又有统一意志、又有个人心情舒畅、生动活泼，那样一种政治局面，以利于社会主义革命和社会主义建设""。","周恩来","邓小平","刘少奇","毛泽东","","D","无","单选题"
"71","社会主义改造的实践证明，中国可以在没有实现（  ）的情况下进入社会主义。","工业化","信息化","农业化","商业化","","A","无","单选题"
"72","毛泽东提出要实现马克思主义与中国实际的""第二次结合""，其目的是（    ）。","进行阶级斗争","探索中国自己的社会主义建设道路","进行社会主义革命","进行民主革命","","B","无","单选题"
"73","（    ）以后，以江泽民同志为主要代表的中国共产党人形成了""三个代表""重要思想。","党的十三届三中全会","党的十一届三中全会","党的十一届四中全会","党的十三届四中全会","","D","无","单选题"
"74","中国革命的主力军和无产阶级最可靠的同盟军是（  ）。","民族资产阶级","知识分子","农民","城市小资产阶级","","C","无","单选题"
"75","社会主义改造的任务完成后，国内社会矛盾和阶级关系发生了重大变化，社会主义国家政治生活的主题是（　　）。","关于正确处理党的领导干部与人民群众的矛盾的问题","关于正确处理人民内部矛盾的问题","关于正确处理工人阶级同民族资产阶级的矛盾的问题","关于正确处理民族矛盾的问题","","B","无","单选题"
"76","走中国工业化道路，必须调整和完善所有制结构。为此，毛泽东、刘少奇、周恩来提出了（   ）。","三个主体，三个补充的思想","公有制为主体，多种所有制经济共同发展的思想","注意发展手工业和农业多种经营的思想","把资本主义经济作为社会主义经济的补充的思想","","D","无","单选题"
"77","毛泽东指出，用(    )的方法解决人民内部矛盾，这是一个总方针。","集中","民主","专制","中立","","B","无","单选题"
"78","改革开放前和改革开放后两个历史时期，本质都是(    )。","民主主义革命","无产阶级革命","我们党领导人民进行社会主义建设的实践探索","社会主义现代化建设时期","","C","无","单选题"
"79","1957年，毛泽东提出的社会主义现代化的战略目标是(    )。","把我国建设成为富强、民主、文明、和谐的社会主义现代化国家","实现工业化和经济的社会化、市场化和现代化","实现经济、政治、文化的现代化","把我国建设成为""一个具有现代工业、现代农业和现代科学文化的社会主义国家""","","D","无","单选题"
"80","我国工业化、现代化建设取得的辉煌成就，离不开选择了（  ）这个根本的前提条件。","社会主义道路","新民主主义社会","公有制经济","发展生产力","","A","无","单选题"
"81","社会主义改造的基本完成，使我国社会经济结构发生了根本变化，（  ）已成为我国社会的经济基础。","社会主义合作社经济","国有企业","社会主义个体经济","社会主义公有制","","D","无","单选题"
"82","毛泽东探索中国社会主义建设道路第一个标志性的重要理论成果是（    ）。","《论人民民主专政》","《论十大关系》","《关于正确处理人民内部矛盾的问题》","《关于目前的形势与任务》","","B","无","单选题"
"83","（  ）是在互助组的基础上，以个体农民自愿组织起来的半社会主义性质的集体经济组织。","常年互助组","初级农业生产合作社","高级农业生产合作社","供销小组","","B","无","单选题"
"84","在中国革命的进程中，党制定的包含新民主主义革命和社会主义革命的双重性质的政策是（  ）。","接收帝国主义在华企业归新民主主义国家所有","对民族工商业实行赎买政策","没收封建地主阶级的土地归农民所有","没收官僚资本","","D","无","单选题"
"85","我国的社会主义改造，是围绕着（  ）建设这个中心任务进行的。","社会主义工业化","社会主义农业化","科学技术现代化","国防现代化","","A","无","单选题"
"86","《论十大关系》从十个方面论述了我国社会主义建设需要重点把握的重大关系，其中着眼于经济体制改革的关系是(    )。","汉族与少数民族的关系、党和非党的关系、革命和反革命的关系","重工业和轻工业、农业的关系，沿海工业和内地工业的关系，经济建设和国防建设的关系","国家、生产单位和生产者个人的关系，中央和地方的关系","是非关系、中国和外国的关系","","C","无","单选题"
"87","在社会主义建设道路初步探索的过程中，毛泽东提出了（   ）的发展国民经济的总方针。","以农业为基础，以现代化为主导，以农轻重为序","以农业为基础，以工业为主导，以农轻重为序","以工业为基础，以农业为主导，以农轻重为序","全面发展，综合平衡","","B","无","单选题"
"88","在毛泽东思想的（   ）阶段，实现了马克思主义与中国革命实践相结合的历史性飞跃。","形成","萌芽","丰富和发展","成熟","","D","无","单选题"
"89","第二国际的机会主义者曾经以还没有实行社会主义的经济前提来否定经济文化比较落后的国家可以走向社会主义。列宁批评这种观点是（  ）。","狭隘经验论","庸俗生产力论","本本主义","主观主义","","B","无","单选题"
"90","我国农业社会主义改造遵循的原则是（  ）。","自愿互利、典型示范、国家帮助","积极领导，稳步前进","说服教育","先合作化，后机械化","","A","无","单选题"
"91","毛泽东指出：我们共产党人好比种子，人民好比土地。我们到了一个地方，就要同那里的人民结合起来，在人民中间生根、开花。这体现了中国共产党在工作中始终坚持（   ）。","独立自主","实事求是","群众路线","以人为本","","C","无","单选题"
"92","（  ）以其与社会化大生产的一致性和能够在经济落后条件下尽可能地集中力量办大事的优势，为发展社会生产力开辟了广阔的道路。","合作化道路","社会主义基本制度","新民主主义社会","国家资本主义","","B","无","单选题"
"93","对毛泽东和毛泽东思想的历史地位作出科学的、实事求是的评价的文献是（   ）。","《新民主主义论》","《关于若干历史问题的决议》","《中国共产党中央委员会关于建国以来党的若干历史问题的决议》","《论联合政府》","","C","无","单选题"
"94","党在过渡时期的总路线中所谓的""过渡时期""是指（  ）。","从新民主主义向社会主义过渡","从旧民主主义向新民主主义过渡","从封建主义向社会主义过渡","从资本主义向社会主义过渡","","A","无","单选题"
"95","毛泽东提出不要机械搬用外国的经验，而要从中国是一个（   ）这种情况出发，以工业为主导，以农业为基础，正确处理重工业同农业、轻工业的关系，走出一条适合我国国情的中国工业化道路的思想。","军事强国","工业强国","人口大国","农业大国","","D","无","单选题"
"96","1956年4月和5月，毛泽东在《论十大关系》的报告中初步总结了我国社会主义建设的经验，明确提出了（   ）。","建设有中国特色的社会主义","党在过渡时期的总路线","以苏为鉴，独立自主地探索适合中国情况的社会主义建设道路","多快好省地建设社会主义","","C","无","单选题"
"97","党在初步探索社会主义建设道路的过程中，提出""三个主体，三个补充""设想的是(     )。","邓子恢","陈云","刘少奇","邓小平","","B","无","单选题"
"98","（   ）是中华民族的优良传统，是中国共产党、中华人民共和国立党立国的重要原则。","理论联系实际","群众路线","武装斗争","独立自主","","D","无","单选题"
"99","在资本主义工商业的社会主义改造中，国家对资方在职人员和资方代理人采取（  ）的政策。","包下来","量才适用","妥善照顾","分配工作","","A","无","单选题"
"100","1956年苏共二十大之后，毛泽东提出要""以苏为鉴""，探索自己的建设道路。这表明中国共产党(    )。","实现了马克思主义同中国实际的""第二次结合","开始了马克思主义同中国实际的""第二次结合""的探索","找到了中国进行社会主义建设的正确道路","已经突破社会主义苏联模式的束缚","","B","无","单选题"
"101","我国对农业社会主义改造过程中，农村合作化的依靠力量是（  ）。","贫农和下中农","中农","雇农","富农","","A","无","单选题"
"102","1953年6月，毛泽东在中央政治局会议上正式提出了过渡时期的总路线和总任务。过渡时期总路线的主体是（　）。","逐步实现国家对农业的社会主义改造","逐步实现国家对资本主义工商业的社会主义改造","逐步实现国家的社会主义工业化","逐步实现国家对手工业的社会主义改造","","C","无","单选题"
"103","我国对个体手工业进行社会主义改造的主要方式是（  ）。","加入合作社","赎买","统购统销","公私合营","","A","无","单选题"
"104","毛泽东提出了以人民军队为骨干，依靠广大人民群众，建立农村根据地，进行（   ）的思想。","运动战","阶级斗争","人民战争","游击战","","C","无","单选题"
"105","19世纪末20世纪初，毛泽东思想形成和发展的时代背景是（   ）。","世界多极化、经济全球化的趋势深入发展","和平与发展成为时代主题","战争与发展成为时代主题","世界进入帝国主义和无产阶级革命时代","","D","无","单选题"
"106","社会主义制度确立后，在党内首先提出以苏联为鉴，探索适合中国国情的社会主义建设道路的领导人是（    ）。","周恩来","毛泽东","邓小平","陈云","","B","无","单选题"
"107","在农业社会主义改造中具有完全社会主义性质的是（  ）。","高级社","常年互助组","临时互助组","初级社","","A","无","单选题"
"108","关于坚持群众路线的论述，以下说法错误的是（   ）。","坚持群众路线，就要坚持人民是推动历史发展的根本力量","坚持群众路线，就要坚持全心全意为人民服务的根本宗旨","坚持群众路线，就要兼顾人民群众的利益和政党自己的特殊利益","坚持群众路线，就要保持党同人民群众的血肉联系","","C","无","单选题"
"109","新民主主义革命理论指出，在同资产阶级结成统一战线时，要保持无产阶级的独立性，实行（   ）的政策。","又支持又打击","又联合又斗争","武装斗争","又团结又斗争、以斗争求团结","","D","无","单选题"
"110","与新民主主义时期三种不同性质的主要经济成分相联系，中国社会的阶级构成主要是工人阶级、农民阶级和其他小资产阶级、民族资产阶级等基本的阶级力量。这三种基本的经济成分及与之相联系的三种基本的阶级力量之间的矛盾，集中表现为（  ）。","资本主义和社会主义两条道路、资产阶级和工人阶级两个阶级的矛盾","人民日益增长的物质文化需要与生产发展滞后的矛盾","人民大众同官僚资本主义、国民党残余势力的矛盾","帝国主义同中华民族、封建残余势力与广大人民群众的矛盾","","A","无","单选题"
"111","毛泽东思想初步形成于（   ）。","新中国成立后","解放战争时期","抗日战争时期","土地革命战争时期","","D","无","单选题"
"112","（  ）年9月，第一届全国人民代表大会召开和《中华人民共和国宪法》制定及颁布施行。","1954","1953","1956","1949","","A","无","单选题"
"113","1957年2月,毛泽东发表（   ）的重要讲话,提出了社会主义社会的基本矛盾和社会主义社会两类不同性质的社会矛盾学说。","《论十大关系》","《论人民民主专政》","《关于正确处理人民内部矛盾的问题》","《矛盾论》","","C","无","单选题"
"114","1956年4月和5月，毛泽东先后在中央政治局扩大会议和最高国务会议上，作了《论十大关系》的报告，这篇报告标志着（　　）。","我国已经完全走出苏联社会主义模式","党探索中国社会主义建设道路的良好开端","我们实现了马克思主义同中国实际的""第二次结合""","中国进行社会主义建设的正确道路得以确立","","B","无","单选题"
"115","毛泽东创造了全党通过（   ）进行马克思列宁主义思想教育的整风形式。","既联合又斗争","忆苦思甜","残酷斗争、无情打击","批评与自我批评","","D","无","单选题"
"116","1956年社会主义改造完成后，中国进入社会主义社会。社会主义社会的基本矛盾是(    )。","无产阶级与资产阶级的矛盾","人民对于经济文化迅速发展的需要同当前经济文化不能满足人民需要的状况之间的矛盾","人民内部矛盾","人民日益增长的物质文化需要同落后的社会生产之间的矛盾","","B","无","单选题"
"117","1956年我国在生产资料所有制的社会主义改造基本完成后，开始进入（  ）。","国民经济恢复时期","新民主主义社会高级阶段","社会主义初级阶段","从新民主主义向社会主义过渡时期","","C","无","单选题"
"118","毛泽东提出经济工作和其他一切工作的生命线是（   ）。","人民民主专政","统一战线工作","武装斗争","思想政治工作","","D","无","单选题"
"119","在中国共产党的历史上，把毛泽东思想确立为党必须长期坚持的指导思想并首次写入党章的会议是（   ）。","党的七大","瓦窑堡会议","党的六届六中全会","遵义会议","","A","无","单选题"
"120","毛泽东思想是被实践证明了的关于（   ）的正确的理论原则和经验总结。","中国革命、建设和改革","中国革命和改革","中国建设和改革","中国革命和建设","","D","无","单选题"
"121","在（    ）上，刘少奇代表党中央作了《关于修改党章的报告》，对马克思主义中国化从理论上作了进一步的阐述，并指出毛泽东思想是""中国化的马克思
主义""。","党的七届六中全会","党的八大","党的七大","党的六届六中全会","","C","无","单选题"
"122","关于""两参一改三结合""的思想，说法错误的是（   ）。","干部参加劳动，工人参加管理","工人群众、领导干部和专家三结合","改革不合理的规章制度","工人群众、领导干部和技术人员三结合","","B","无","单选题"
"123","中华人民共和国成立前后，鉴于我们党已成为领导全国政权的党，毛泽东多次提出务必使同志们继续地保持谦虚、谨慎、不骄、不躁的作风，务必使同志们继续地保持（   ）的作风。","敢于拼搏","乐于奉献","艰苦奋斗","勇往直前","","C","无","单选题"
"124","下列关于无产阶级及其政党要实现自己对同盟者的领导必须具备的条件中，不正确的是（   ）。","时刻防范被领导者","对被领导者给以物质利益，至少不损害其利益","率领被领导者向着共同的敌人作坚决斗争并取得胜利","对被领导者给以物质利益的同时给以政治教育","","A","无","单选题"
"125","1938年召开的党的六届六中全会，被毛泽东认为是""决定中国之命运""的一次重要会议。在这次会议上，毛泽东提出了一个著名的论断，即（    ）。","没有调查就没有发言权","马克思主义的中国化","兵民是胜利之本","枪杆子里面出政权","","B","无","单选题"
"126","毛泽东思想的精髓是（   ）。","自我革命","艰苦奋斗","独立自主","实事求是","","D","无","单选题"
"127","坚持独立自主是中国共产党百年奋斗的十大历史经验之一。独立自主是（   ）。","我们党从中国实际出发、依靠党和人民力量进行革命、建设、改革的必然结论","中国共产党的最大政治优势","一个国家、一个民族发展进步的不竭动力","中国共产党区别于其他政党的显著标志","","A","无","单选题"
"128","马克思曾经指出：""理论在一个国家实现的程度，总是决定于理论满足于这个国家的需要的程度。""源自西方的马克思主义之所以能够在中国大地扎根、开花、结果，从根本上说，是因为其契合了近现代以来中国社会的迫切需要。最先提出""马克思主义的中国化""这一命题的著作是（    ）。","《论联合政府》","《论人民民主专政》","《论新阶段》","《湖南农民运动考察报告》","","C","无","单选题"
"129","（    ）以后，以胡锦涛同志为主要代表的中国共产党人，团结带领全党全国各族人民，在全面建设小康社会进程中推进实践创新、理论创新、制度创新，形成了科学发展观。","党的十七大","党的十六大","党的十四届三中全会","党的十五届三中全会","","B","无","单选题"
"130","毛泽东思想得到多方面展开并趋于成熟是在（   ）。","抗日战争时期","大革命时期","解放战争时期","中华人民共和国成立后","","A","无","单选题"
"131","（    ）以来，以习近平同志为主要代表的中国共产党人，坚持毛泽东思想、邓小平理论、""三个代表""重要思想、科学发展观，深刻总结并充分运用党成立以来的历史经验，从新的实际出发，创立了习近平新时代中国特色社会主义思想。","党的二十大","党的十七大","党的十九届六中全会","党的十八大","","D","无","单选题"
"132","进入新世纪新阶段，以胡锦涛同志为主要代表的中国共产党人，团结带领全党全国各族人民，在全面建设小康社会进程中推进实践创新、理论创新、制度创新，深刻认识和回答了（    ）等重大问题，形成了科学发展观。","建设什么样的长期执政的马克思主义政党、怎样建设长期执政的马克思主义政党","新形势下实现什么样的发展、怎样发展","建设什么样的社会主义现代化强国、怎样建设社会主义现代化强国","新时代坚持和发展什么样的中国特色社会主义、怎样坚持和发展中国特色社会主义","","B","无","单选题"
"133","毛泽东思想紧紧围绕（   ）的主题，提出了一系列相互关联的重要理论观点，构成了一个完整的科学思想体系。","中国革命和建设","中国独立和自由","中国独立和解放","中国改革和发展","","A","无","单选题"
"134","在毛泽东思想的指导下，中国共产党团结带领中国人民，浴血奋战、百折不挠，创造了（    ）的伟大成就，建立了人民当家作主的中华人民共和国，实现了民族独立、人民解放。","改革开放和社会主义现代化建设","社会主义革命和建设","新民主主义革命","新时代中国特色社会主义","","C","无","单选题"
"135","毛泽东思想所确立的马克思主义中国化时代化的（   ），指导着我们党不断推进马克思主义中国化时代化，不断开辟马克思主义中国化时代化新境界。","前进方向、基本原则和基本方法","前进方向、根本方法和指导原则","唯一方向、基本原则和根本道路","基本走向、唯一原则和基本方法","","A","无","单选题"
"136","党的二十大明确把（    ）作为当代中国共产党人的庄严历史责任，并提出了继续推进马克思主义中国化时代化的新要求。","准确判断时代主题","在实践中不断推进马克思主义理论创新","准确把握中国国情","不断谱写马克思主义中国化时代化新篇章","","D","无","单选题"
"137","毛泽东思想形成和发展时期，时代的主题是（   ）。","战争与革命","和平与发展","竞争与垄断","多极化与全球化","","A","无","单选题"
"138","中国共产党和中国人民以英勇顽强的奋斗向世界庄严宣告，（    ）是决定当代中国前途命运的关键一招，中国特色社会主义道路是指引中国发展繁荣的正确道路，中国大踏步赶上了时代。","中国式现代化","改革开放","社会主义现代化建设","全面建成小康社会","","B","无","单选题"
"139","(     )提出了""中国特色社会主义理论体系""的科学概念。","党的十八届三中全会","党的十八大","党的十七大","党的十七届三中全会","","C","无","单选题"
"140","毛泽东思想走向成熟的主要标志是（   ）。","系统阐述了新民主主义革命理论","人民军队建设理论的形成","农村包围城市、武装夺取政权革命道路理论的形成","人民战争思想的形成","","A","无","单选题"
"141","习近平总书记在党的二十大报告中强调，推进马克思主义（    ）是一个追求真理、揭示真理、笃行真理的过程。","中国化","中国化时代化","时代化","普遍化","","B","无","单选题"
"142","检验党的一切工作的成效，最终要以（   ）为最高标准。","各项工作的顺利开展","党的自身利益","最广大人民根本利益","综合国力","","C","无","单选题"
"143","以胡锦涛同志为主要代表的中国共产党人形成的科学发展观，（    ）。","推动了中国特色社会主义理论体系的跨世纪发展","实现了中国特色社会主义理论体系在新世纪新阶段的新发展","是中国特色社会主义理论体系的开篇之作","谱写了新时代中国特色社会主义新篇章","","B","无","单选题"
"144","党的二十大报告指出，（    ）是我们党坚定信仰信念、把握历史主动的根本所在。","实现高质量发展","创造人类文明新形态","实现全体人民共同富裕","拥有马克思主义科学理论指导","","D","无","单选题"
"145","（    ）是马克思主义中国化时代化的第一次历史性飞跃。","新民主主义革命理论","邓小平理论","毛泽东思想","根据地建设理论","","C","无","单选题"
"146","下列关于实事求是的说法正确的是（   ）。","是毛泽东思想的基本点","是我们党的生命线和根本工作路线","是我们党在中国革命中战胜敌人的三大法宝之一","是我们党全部理论和实践的立足点","","A","无","单选题"
"147","（    ）成功把中国特色社会主义推向了21世纪。","邓小平理论","三个代表重要思想","科学发展观","社会主义革命和建设理论","","B","无","单选题"
"148","党的二十大报告强调，只有把马克思主义基本原理同中国具体实际相结合、（    ），坚持运用辩证唯物主义和历史唯物主义，才能正确回答时代和实践提出的重大问题，才能始终保持马克思主义的蓬勃生机和旺盛活力。","同社会主义核心价值观相结合","同中国文化相结合","同马克思主义经典著作相结合","同中华优秀传统文化相结合","","D","无","单选题"
"149","在习近平新时代中国特色社会主义思想的指导下，中国共产党团结带领中国人民，自信自强、守正创新，创造了（    ）的伟大成就。","新民主主义革命","改革开放和社会主义现代化建设","新时代中国特色社会主义","社会主义革命和建设","","C","无","单选题"
"150","党的二十大报告指出，我们必须坚定历史自信、文化自信，坚持古为今用、推陈出新，把马克思主义思想精髓同（    ）贯通起来、同人民群众日用而不觉的共同价值观念融通起来，不断赋予科学理论鲜明的中国特色，不断夯实马克思主义中国化时代化的历史基础和群众基础。","中国精神","国学","中华优秀传统文化精华","中国传统文明","","C","无","单选题"
"151","实践告诉我们，中国共产党为什么能，中国特色社会主义为什么好，归根到底是（    ）。","现实发展模式行","马克思主义行，中国化时代化的马克思主义行","中华优秀传统文化行","中国先进知识分子的选择正确","","B","无","单选题"
"152","群众路线，就是一切为了群众，一切依靠群众，从群众中来，到群众中去。这是党的（   ）。","根本工作路线","根本思想路线","根本政治原则","根本制度保证","","A","无","单选题"
"153","改革开放以来形成的（    ）是指导党和人民沿着中国特色社会主义道路实现中华民族伟大复兴的正确理论，是立于时代前沿、与时俱进的科学理论。","三个代表重要思想","科学发展观","邓小平理论","中国特色社会主义理论体系","","D","无","单选题"
"154","马克思主义是我们立党立国、兴党兴国的根本指导思想。马克思主义能不能在实践中发挥作用，关键在于（    ）。","能否打破常规","能否把马克思主义基本原理同中国实际和时代特征结合起来","能否把握时代大势","能否正确理解马克思主义基本原理","","B","无","单选题"
"155","区别新旧两种不同范畴的民主主义革命，其根本标志是（  ）。","革命的领导权是掌握在无产阶级手中还是掌握在资产阶级手中","革命的指导思想不同","革命的纲领不同","革命的前途不同","","A","无","单选题"
"156","关于马克思主义中国化时代化的论述，说法正确的是（     ）。","必须要用马克思主义经典作家的语录来说话","把马克思主义作为至理名言直接运用于中国的革命、建设、改革进程中","运用马克思主义的立场、观点和方法，观察时代、把握时代、引领时代，解决中国革命、建设、改革中的实际问题","采取实用主义的态度，可以照搬外国经验","","C","无","单选题"
"157","恩格斯说过：""马克思的整个世界观不是教义，而是方法。它提供的不是现成的教条，而是进一步研究的出发点和供这种研究使用的方法。""对于这句话理解错误的是（    ）。","马克思主义只有正确运用于实践并在实践中不断发展才能体现其科学性，彰显其强大力量","不能把马克思主义当成教条","推进马克思主义中国化时代化，是马克思主义理论本身发展的内在要求","解决中国实际问题，可以套用马克思主义一般原理","","D","无","单选题"
"158","1939年，毛泽东在（  ）一文中第一次提出了""新民主主义的革命""的科学概念。","《中国革命和中国共产党》","《在晋绥干部会议上的讲话》","《论人民民主专政》","《关于正确处理人民内部矛盾的问题》","","A","无","单选题"
"159","新民主主义文化是（  ），就其内容说是反对帝国主义压迫，主张中华民族的尊严和独立。","大众的","科学的","民族的","先进的","","C","无","单选题"
"160","中国革命的基本问题是（  ）。","军队问题","农民问题","政权问题","工人问题","","B","无","单选题"
"161","新民主主义革命所要建立的国家的国体是（  ）。","资产阶级专政","无产阶级专政","各革命阶级联合专政","人民民主专政","","C","无","单选题"
"162","在半殖民地半封建的近代中国，占支配地位的主要矛盾是（  ）。","帝国主义和中华民族的矛盾、封建主义和人民大众的矛盾","帝国主义和中华民族的矛盾、无产阶级与资产阶级的矛盾","封建主义和人民大众的矛盾、无产阶级与资产阶级的矛盾","无产阶级与资产阶级的矛盾、农民阶级与地主阶级的矛盾","","A","无","单选题"
"163","（    ）通过的《中共中央关于党的百年奋斗重大成就和历史经验的决议》总结了百年来中国共产党推进马克思主义中国化时代化的重大成就，阐释了马克思主义中国化时代化的重大历史意义。","党的十九届五中全会","党的十九大","党的二十大","党的十九届六中全会","","D","无","单选题"
"164","在探索社会主义建设道路的过程中，在文化工作方面，党提出了（   ）这一促进我国社会主义文化繁荣的方针。","大鸣大放","长期共存、互相监督","百花齐放、百家争鸣","统筹兼顾","","C","无","单选题"
"165","中国革命最基本的动力是（  ）。","民族资产阶级","农民阶级","城市小资产阶级","无产阶级","","D","无","单选题"
"166","新民主主义经济纲领中极具特色的一项内容是（  ）。","保护民族工商业","实行""耕者有其田""","没收封建地主阶级的土地归农民所有","没收官僚资本归新民主主义国家所有","","A","无","单选题"
"167","（  ）的领导，是中国革命取得胜利的根本保证。","城市小资产阶级及其政党","农民阶级及其政党","民族资产阶级及其政党","无产阶级及其政党","","D","无","单选题"
"168","坚持实事求是，要努力避免任何超越现实、超越阶段而（   ）的倾向。","故步自封","因循守旧","急于求成","抱残守缺","","C","无","单选题"
"169","党领导的革命统一战线，包含着两个联盟。其中（  ）是统一战线的基础，是基本的、主要的。","工人阶级同农民、小资产阶级的联盟","工人阶级和非劳动人民的联盟","工人阶级与民族资产阶级的联盟","工人阶级同农
民阶级、广大知识分子及其他劳动者的联盟","","D","无","单选题"
"170","新民主主义革命的道路是一条（  ）的革命道路。","农村包围城市、和平谈判获得政权","农村包围城市、武装夺取政权","以城市为中心、和平谈判获得政权","以城市为中心、武装夺取政权","","B","无","单选题"
"171","（   ），是反映新民主主义革命客观规律的完备的理论形态。","新民主主义革命理论","社会主义革命和社会主义建设理","政策和策略理论","党的建设理论","","A","无","单选题"
"172","毛泽东思想的主要内容有（   ）。
①新民主主义革命理论②社会主义革命和社会主义建设理论③革命军队建设和军事战略的理论④政策和策略的理论⑤思想政治工作和文化工作的理论⑥党的建设理论⑦社会主义根本任务和发展战略理论⑧社会主义初级阶段理论","①②④⑤⑥⑦","①②③④⑥⑦","①②③④⑤⑥","①②③④⑦⑧","","C","无","单选题"
"173","中国革命的主要形式是（  ）。","武装斗争","土地革命","议会斗争","改良主义","","A","无","单选题"
"174","新民主主义革命总路线的内容是（  ）。","工人阶级领导的，人民大众的，反对帝国主义、封建主义和官僚资本主义的革命","无产阶级领导的，人民大众的，反对帝国主义、封建主义和官僚资本主义的革命","农民阶级领导的，人民大众的，反对帝国主义、封建主义和资本主义的革命","无产阶级领导的，人民大众的，反对帝国主义、封建主义和资本主义的革命","","B","无","单选题"
"175","近代中国的社会性质是（  ）。","半殖民地半封建社会","封建社会","资本主义社会","殖民地","","A","无","单选题"
"176","恩格斯指出：""所谓'社会主义社会'不是一种一成不变的东西，而应当和任何其他社会制度一样，把它看成是经常变化和改革的社会。""中国特色社会主义就是在直面新情况、解决新问题中与时俱进的。第一次比较系统地初步回答了建设中国特色社会主义的一系列基本问题的是（ ）。","三个代表重要思想","科学发展观","邓小平理论","习近平新时代中国特色社会主义思想","","C","无","单选题"
"177","下列著作中，属于体现毛泽东思想走向成熟阶段的著作是（   ）。","《论十大关系》","《反对本本主义》","《论人民民主专政》","《中国革命和中国共产党》","","D","无","单选题"
"178","毛泽东在（  ）一文中，提出了党在中国革命中战胜敌人的三个主要的法宝。","《新民主主义论》","《〈共产党人〉发刊词》","《论联合政府》","《中国革命和中国共产党》","","B","无","单选题"
"179","新民主主义革命所要建立的国家的政体是（  ）。","民主集中制的人民代表大会制度","总统制","内阁制","民主共和制","","A","无","单选题"
"180","毛泽东指出，在革命斗争中（   ）是党的生命。","统一战线","武装斗争","军队建设","政策和策略","","D","无","单选题"
"181","新民主主义革命的艰辛探索奠定了革命理论形成的（  ）。","物质基础","实践基础","理论前提","政治基础","","B","无","单选题"
"182","毛泽东在（   ）一文中就指出：""中国革命斗争的胜利要靠中国同志了解中国情况。""这是独立自主思想的最初的明确表述。","《矛盾论》","《实践论》","《反对本本主义》","《论人民民主专政》","","C","无","单选题"
"183","毛泽东提出""须知政权是由枪杆子中取得的""著名论断，是在（  ）上。","党的七大","八七会议","古田会议","遵义会议","","B","无","单选题"
"184","针对历史上党内斗争中存在过的""残酷斗争、无情打击""的""左""的错误，毛泽东提出（   ）的正确方针，强调在党内斗争中要达到既弄清思想又团结同志的目的。","惩前毖后、治病救人","阶级斗争","正确处理人民内部矛盾","既联合又斗争","","A","无","单选题"
"185","中国新民主主义革命是要造成各革命阶级在无产阶级领导之下的联合专政，建立各革命阶级联合专政的民主共和国，为进入（  ）做准备。","共产主义社会","社会主义社会","资本主义社会","新民主主义社会","","B","无","单选题"
"186","（   ）确定了实行土地革命和武装起义的方针。","瓦窑堡会议","古田会议","遵义会议","八七会议","","D","无","单选题"
"187","新民主主义国家的国体决定了人民当家作主，由人民行使管理国家的一切权力，这是新民主主义国家制度的核心内容和基本准则，而（  ）能够最直接、最全面地体现这一核心内容和准则。","民主集中制","人民代表大会制度","多党合作制度","政治协商制度","","B","无","单选题"
"188","秋收起义失败后，毛泽东率领队伍创建了（  ）革命根据地，把武装斗争的主攻方向首先指向农村。","兴国","延安","井冈山","太行山","","C","无","单选题"
"189","新民主主义文化，就是无产阶级领导的人民大众的反帝反封建的文化，即（  ）文化。","民族的科学的大众的","世界的科学的大众的","民族的科学的未来的","传统的民族的大众的","","A","无","单选题"
"190","1927年9月至10月，毛泽东领导秋收起义的部队完成（   ），由此开始改变了起义军中旧军队的习气和不良作风，从组织上确立了党对军队的领导，是建设无产阶级领导的新型人民军队的重要开端。","四渡赤水","八七会议","战略转移","三湾改编","","D","无","单选题"
"191","在半殖民地半封建的近代中国，在诸多社会矛盾中，（  ）是各种矛盾中最主要的矛盾。","封建主义和人民大众的矛盾","帝国主义和中华民族的矛盾","民族资产阶级和人民大众的矛盾","官僚资本主义和人民大众的矛盾","","B","无","单选题"
"192","习近平总书记在纪念毛泽东同志诞辰120周年座谈会上的讲话中指出：""（   ），是马克思主义的根本观点，是中国共产党人认识世界、改造世界的根本要求，是我们党的基本思想方法、工作方法、领导方法。""","实事求是","群众路线","武装斗争","统一战线","","A","无","单选题"
"193","中国共产党领导人民进行革命和建设的成功实践是毛泽东思想形成和发展的（   ）。","理论基础","时代条件","实践基础","思想基础","","C","无","单选题"
"194","建立一支无产阶级领导的以（  ）为主体的强大的革命武装，是保证领导权的坚强支柱。","工人","农民","城市小资产阶级","民族资产阶级","","B","无","单选题"
"195","中国共产党区别于其他一切政党的根本标志是（   ）。","坚持理论联系实际的优良作风","实事求是","独立自主","全心全意为人民服务","","D","无","单选题"
"196","解决中国革命问题的基本前提是（  ）。","认清中国国情","分清敌人和朋友","坚持无产阶级领导权","建立工农联盟","","A","无","单选题"
"197","毛泽东思想初步形成的主要标志是（   ）。","社会主义革命和建设理论的提出","政策和策略的理论的提出","提出并深入阐述农村包围城市、武装夺取政权的思想","革命统一战线政策的制定","","C","无","单选题"
"198","三个代表重要思想强调衡量党的方针政策的成败得失，必须坚持（    ）的标准。","规律性","全面性","客观性","系统性","","B","无","单选题"
"199","群众路线本质上体现的是马克思主义关于（   ）这一基本原理。","人民群众是社会发展的主体","人民群众是社会的首创者","人民群众是社会发展的动力","人民群众是历史的创造者","","D","无","单选题"
"200","三个代表重要思想坚持把（    ）作为出发点和归宿。","提高生产力水平","人民的根本利益","改变生产关系","党的领导","","B","无","单选题"
"201","推进党的建设新的伟大工程，重点是加强党的（    ）建设。","执政能力","理论创新","民主作风","思想水平","","A","无","单选题"
"202","（    ）正式把建立社会主义市场经济体制确立为我国经济体制改革的目标。","党的十四届三中全会","党的十一届三中全会","党的十四大","党的十五大","","C","无","单选题"
"203","三个代表重要思想强调以人民群众的利益、要求和实践为最高价值标准和评价标准，体现了我们党的（    ）和我们国家的性质。","特征","宗旨","价值","性质","","B","无","单选题"
"204","（   ）是中华民族精神之魂。","独立自主","实事求是","理论联系实际","群众路线","","A","无","单选题"
"205","在毛泽东思想指引下，我们找到了一条（   ）的道路，确立了社会主义基本制度，实现了中华民族有史以来最为广泛而深刻的社会变革。","从旧民主主义向新民主主义过渡","从资本主义向社会主义过渡","从新民主主义向社会主义过渡","从旧民主主义向社会主义过渡","","C","无","单选题"
"206","20世纪70年代，整个世界发生着大变动大调整，时代主题是（    ）。","开放与融通","革命与战争","合作与共赢","和平与发展","","D","无","单选题"
"207","毛泽东提出的把对人民内部的民主和对敌人的专政互相结合起来就是（   ），丰富了马克思列宁主义关于无产阶级专政的学说。","人民民主专政的理论","军事战略的理论","政策和策略的理论","党的建设理论","","A","无","单选题"
"208","（  ）是保持人民军队无产阶级性质和建军宗旨的根本前提，也是毛泽东建军思想的核心。","军民一致、军政一致、官兵一致","打仗、筹款、做群众工作","全心全意为人民服务","坚持党对军队的绝对领导","","D","无","单选题"
"209","党在社会主义初级阶段的基本路线中，（ ）是实现奋斗目标的根本立足点。","以经济建设为中心","坚持四项基本原则","自力更生，艰苦创业","领导和团结各族人民","","C","无","单选题"
"210","我国社会主义政治文明区别于资本主义政治文明的本质特征是（    ）。","物质文明、精神文明、政治文明的协调发展","坚持党的领导、人民当家作主和依法治国的有机统一","建立在公有制的基础上","坚持依法治国与以德治国相结合","","B","无","单选题"
"211","大革命时期，毛泽东以马克思列宁主义为指导，深入实际调查研究，在《中国社会各阶级的分析》《湖南农民运动考察报告》等著作中，分析了中国社会各阶级在革命中的地位和作用，明确指出（   ）。","把党的工作重点由城市转入农村","枪杆子里面出政权","新民主主义革命的总路线","无产阶级领导农民斗争的极端重要性","","D","无","单选题"
"212","（   ），是团结全党进行伟大政治斗争的中心环节。","掌握思想教育","军队建设","批评与自我批评","科教工作","","A","无","单选题"
"213","以下选项中不属于习近平新时代中国特色社会主义思想的主要内容的是（    ）。","明确全面深化改革总目标是完善和发展中国特色社会主义制度、推进国家治理体系和治理能力现代化","坚持总体国家安全观","以人为本""全面发展""协调发展""可持续发展","积极发展全过程人民民主","","C","无","单选题"
"214","毛泽东规定的人民军队的唯一宗旨是（   ）。","坚持党对军队的绝对领导","打仗、筹款、做群众工作","军民一致、军政一致、官兵一致","全心全意为人民服务","","D","无","单选题"
"215","以下关于习近平新时代中国特色社会主义思想的表述不正确的是（    ）。","是全党全国人民为实现中华民族伟大复兴而奋斗的行动指南","是对马克思列宁主义、毛泽东思想、邓小平理论、""三个代表""重要思想、科学发展观的继承和发展","是中国特色社会主义理论体系在新世纪新阶段的新发展","是中华文化和中国精神的时代精华","","C","无","单选题"
"216","三个代表重要思想提出，(    )的利益是最紧要和最具有决定性的因素。","多数人","最大多数人","群众","执政党","","B","无","单选题"
"217","中国的武装斗争，是无产阶级领导的以（   ）为主体的革命战争。","农民","工人","学生","知识分子","","A","无","单选题"
"218","邓小平指出，社会主义的本质，是解放生产力，发展生产力，消灭剥削，消除两极分化，最终达到（ ）。","发达国家水平","小康社会","共同富裕","现代化","","C","无","单选题"
"219","三个代表重要思想强调领导干部一定要做到""三讲""，其中（   ）是前提。","讲政治","讲学习","讲纪律","讲正气","","B","无","单选题"
"220","中国新民主主义革命的开端是（  ）。","五四运动","辛亥革命","新文化运动","南昌起义","","A","无","单选题"
"221","1978年12月13日，邓小平在中央工作会议闭幕会议上发表了（ ）的重要讲话，这实际上是党的十一届三中全会的主题报告。","《加快和深化改革》","《全面开创社会主义现代化建设的新局面》","《解放思想，实事求是，团结一致向前看》","《积极探索中国社会主义建设道路，总结经验，为建设一个伟大的社会主义中国而奋斗》","","C","无","单选题"
"222","20世纪80年代末90年代初，科技进步日新月异，以（    ）为核心的高新技术的发展，极大地改变了人们的生产、生活方式和国际经济、政治关系。","多极化","经济革命","全球化","信息技术","","D","无","单选题"
"223","三个代表重要思想提出了（    ）的新要求。","政治建设","党的建设","经济建设","文化建设","","B","无","单选题"
"224","下列关于毛泽东和毛泽东思想的评价正确的是（   ）。","毛泽东思想是被实践证明了的关于中国革命和建设的正确的理论原则和经验总结","毛泽东晚年的错误足以否定他所建立的功绩","毛泽东终其一生为党和国家立下丰功伟绩，不应该谈论其过失","毛泽东晚年的错误同经过长期历史检验形成科学理论的毛泽东思想不能区别开来","","A","无","单选题"
"225","党的十一届三中全会作出了把党和国家工作重点转移到（ ）上来的战略决策。","阶级斗争","社会主义市场经济建设","社会主义现代化建设","建设国防为中心的战略大后方","","C","无","单选题"
"226","三个代表重要思想强调，必须树立（    ）是第一资源的思想。","人才资源","知识资源","科技资源","物质资源","","A","无","单选题"
"227","江泽民强调，（    ），是决定一个政党、一个政权兴亡的根本性因素。","文化进步","人心向背","民族昌盛","科技发展","","B","无","单选题"
"228","在十月革命的影响下，以五四运动为标志，中国（  ）开始作为独立的政治力量登上历史舞台，成为革命的领导力量。","无产阶级","民族资产阶级","农民阶级","城市小资产阶级","","A","无","单选题"
"229","党在社会主义初级阶段的基本路线中，（ ）是实现奋斗目标的领导力量和依靠力量。","坚持四项基本原则","自力更生，艰苦创业","领导和团结各族人民","以经济建设为中心","","C","无","单选题"
"230","中国共产党要领导革命取得胜利，必须不断加强党的建设。必须把（  ）始终放在党的建设的首位。","思想建设","文化建设","组织建设","作风建设","","A","无","单选题"
"231","三个代表重要思想强调社会主义社会是全面发展、(    )的社会。","全面完善","全面进步","全面巩固","全面提高","","B","无","单选题"
"232","1980年5月，（ ）第一次提出了""社会主义的本质""这个概念。","江泽民","毛泽东","邓小平","胡锦涛","","C","无","单选题"
"233","（   ），是建立社会主义市场经济体制的重要内容。","理顺分配关系","建立和完善社会保障体系","发挥市场机制的作用","健全统一、开放、竞争、有序的现代市场体系","","B","无","单选题"
"234","（    ）确定了党在社会主义初级阶段的基本纲领。","党的十六大","党的十四大","党的十五大","党的十七大","","C","无","单选题"
"235","（    ）是第一生产力，是先进生产力的集中体现和主要标志。","人才培养","创新发展","科学技术","改革开放","","C","无","单选题"
"236","江泽民同志提出本世纪头二十年是(     )的阶段，形成了""两个一百年""的奋斗目标。","实现现代化","全面建设小康社会","全面建成总体小康社会","全面建设社会主义现代化","","B","无","单选题"
"237","三个代表重要思想是在（   ）实践基础上形成的。","改革开放","建设中国特色社会主义","发展社会主义市场经济","推进政治体制改革","","B","无","单选题"
"238","党在社会主义初级阶段的基本路线中，（ ）是实现奋斗目标的领导力量和依靠力量。","坚持四项基本原则","自力更生，艰苦创业","领导和团结各族人民","以经济建设为中心","","C","无","单选题"
"239","（    ），是凝聚和激励全国各族人民的重要力量，是综合国力的重要标志。","中华优秀传统文化","中国特色社会主义文化","世界各国先进文化","马克思主义经典著作","","B","无","单选题"
"240","（    ）是我们党一贯坚持的根本组织制度和领导制度。","集体领导制度","人民代表大会制度","民主集中制","人民政协制度","","C","无","单选题"
"241","1986年，（ ）根据邓小平关于加强精神文明建设的思想，提出以经济建设为中心，坚定不移地进行经济体制改革，坚定不移地进行政治体制改革，坚定不移地加强精神文明建设，并且使这几个方面互相配合、互相促进，初步形成了我国社会主义现代化建设""三位一体""的总体布局。","党的十二届六中全会","党的十二届五中全会","党的十一届六中全会","党的十一届五中全会","","A","无","单选题"
"242","社会主义社会基本矛盾运动的特点是(    )。","对抗性矛盾","又相适应又相矛盾","普遍充满矛盾且无法解决","敌我矛盾","","B","无","单选题"
"243","（    ）是社会主义民主政治的本质要求。","人民当家作主","依法治国","建设政治文明","党的领导","","A","无","单选题"
"244","党要承担起推动中国社会进步的历史责任，必须始终紧紧抓住（    ）这个执政兴国的第一要务。","创新","改革","发展","稳定","","C","无","单选题"
"245","邓小平曾深刻指出，""任何一个领导集体都要有一个核心，没有核心的领导是靠不住的""。因此，民主集中制的基本原则中最重要的就是（ ）。","少数服从多数","全党服从中央","下级组织服从上级组织","党员个人服从党组织","","B","无","单选题"
"246","1985年，邓小平在会见日本自由民主党副总裁二阶堂进时提出，""改革是中国的第二次革命""。这里的""革命""是指（ ）。","把新民主主义国家变成社会主义国家","把一个半殖民地半封建的旧中国变成一个社会主义新中国","把一个经济文化比较落后的社会主义中国变成一个现代化的社会主义国家","把社会主义国家变成共产主义国家","","C","无","单选题"
"247","社会主义的根本任务是（    ）。","实现共同富裕","消灭剥削","发展社会生产力","消除两极分化","","C","无","单选题"
"248","三个代表重要思想提出，（    ）是党的全部工作和战斗力的基础。","党的委员会","党的基层组织","党小组","党的地方组织","","B","无","单选题"
"249","（    ），大力促进先进生产力的发展，是我们党站在时代前列、保持先进性的根本体现和根本要求。","始终代表中国最广大人民的根本利益","始终代表中国先进文化的前进方向","始终代表中国先进生产力的发展要求","始终代表最中国最先锋阶级的根本诉求","","C","无","单选题"
"250","科学发展观创造性地回答的主要问题是新形势下（  ）。","实现什么样的发展、怎样发展","建设什么样的党、怎样建设党","什么是社会主义、怎样建设社会主义","建设什么样的市场经济、怎样完善市场经济","","A","无","单选题"
"251","社会主义现代化必须建立在（    ）的基础之上。","先进生产关系","先进意识形态","发达生产力","先进文化","","C","无","单选题"
"252","三个代表重要思想科学回答了在充满希望与挑战的新世纪，（    ）这样一个重大时代课题。","实现什么样的发展、怎样发展","建设一个什么样的党、怎样建设党","什么是社会主义和怎样建设社会主义","新时代坚持和发展什么样的中国特色社会主义、怎样坚持和发展中国特色社会主义","","B","无","单选题"
"253","和平统一、一国两制的核心是坚持（ ）。","高度自治","两制并存","一个中国","和平统一","","C","无","单选题"
"254","我们党领导人民进行革命、建设和改革，都是为了促进（    ）的解放和发展。","生产力","科学技术","先进思想","先进文化","","A","无","单选题"
"255","（  ）是保障人民生活、调节社会分配的一项基本制度，是社会和谐稳定的安全网。","基层民主","社会保障","共同富裕","义务教育","","B","无","单选题"
"256","推进党的建设新的伟大工程要求我们，一定要坚持（   ）的方针。","党要管党、从严治党","加强党内思想建设","提高党的执政水平","提高党的领导水平","","A","无","单选题"
"257","（    ），是社会主义市场经济体制的本质要求。","建立全国统一开放的市场体系","转变政府管理经济的职能","发挥市场机制的作用和国家宏观调控","建立多层次的社会保障制度","","C","无","单选题"
"258","党的（  ）提出实现全面建设小康社会奋斗目标的新要求。","十六大","十七大","十五大","十八大","","B","无","单选题"
"259","坚持中国共产党的领导，核心是坚持党的（    ）。","先进性","组织性","纯洁性","政治性","","A","无","单选题"
"260","（    ）通过的《中共中央关于建立社会主义市场经济体制若干问题的决定》，勾画了建立社会主义市场经济体制的蓝图和基本框架。","党的十四大","党的十三大","党的十四届三中全会","党的十五大","","C","无","单选题"
"261","（    ）是以胡锦涛同志为主要代表的中国共产党人，在新世纪新阶段全面建设小康社会进程中，在新的历史起点上推进中国特色社会主义事业的过程中形成和发展起来的。","以人为本","科学发展观","和谐社会","新发展理念","","B","无","单选题"
"262","（    ），是实现现代化建设第三步战略目标必经的承上启下的发展阶段，也是完善社会主义市场经济体制和扩大对外开放的关键阶段。","全面建成社会主义现代化国家","共同富裕","全面建设小康社会","全面推进中华民族伟大复兴","","C","无","单选题"
"263","建设社会主义（    ），是我国改革开放和社会主义现代化建设发展的必然要求。","精神文明","政治文明","物质文明","共享文明","","B","无","单选题"
"264","加强和改进党的作风建设，核心问题是（    ）。","保持党同人民群众的血肉联系","保持原则问题上的坚定性","保持思想上的坚定性","保持理论联系实际的优良作风","","A","无","单选题"
"265","加强（   ）是发展先进文化的重要内容和中心环节。","社会主义法治文明建设","社会主义精神文明建设","社会主义思想道德建设","社会主义政治建设","","C","无","单选题"
"266","（    ）是生产力中最活跃的因素。","科技","人","创新","改革","","B","无","单选题"
"267","实施（    ）战略，是更好地利用国内外两个市场、两种资源的必然选择，是逐步形成我们自己的大型企业和跨国公司的重要途径。","走出去","引进来","两免一补","三去一降一补","","A","无","单选题"
"268","党的十一届三中全会作出了把党和国家工作重点转移到（ ）上来的战略决策。","阶级斗争","社会主义市场经济建设","社会主义现代化建设","建设国防为中心的战略大后方","","C","无","单选题"
"269","邓小平理论指导了改革开放的伟大实践。下列哪一项不属于邓小平理论的重要内容（ ）。","明确提出和平与发展是当代世界的两大主题","全面建设小康社会","制定了现代化建设""三步走""发展战略","强调加强党的领导必须改善党的领导","","B","无","单选题"
"270","发展先进文化，就是发展（    ），就是建设社会主义精神文明。","新兴文化","中华优秀传统文化","中国特色社会主义的文化","大众文化","","C","无","单选题"
"271","党的十一届三中全会以后，以（ ? ）同志为主要代表的中国共产党人，领导全党和全国人民果断地纠正了过去一个时期的错误，深刻地分析了错误出现的原因，同时又坚决地维护和继承了过去在理论上和实践上所取得的一切积极成果。","胡耀邦","陈云","叶剑英","邓小平","","D","无","单选题"
"272","发展社会主义民主政治，最重要的就是要坚持好、发展好适合我国国情的（  ）。","社会主义经济制度","社会主义政治制度","社会主义民主法治","社会主义政商关系","","B","无","单选题"
"273","三个代表重要思想强调，推进党的建设新的伟大工程，要坚持用（    ）武装全党。","马克思主义","改革精神","与时俱进的理论","全面建设社会主义现代化国家的行动纲领","","A","无","单选题"
"274","做好（   ）工作是发展先进文化的重要任务。","新闻媒体","哲学社会科学","思想政治","文艺繁荣","","C","无","单选题"
"275","人民代表大会制度是我国的（  ），是全国各族人民当家作主的根本途径和最高实现形式，是中国社会主义民主政治最鲜明的特点。","基本政治制度","根本政治制度","基本政治保证","基层组织制度","","B","无","单选题"
"276","（  ）是民族振兴、社会进步的基石，是国家和民族发展最根本的事业。","教育","民主","就业","医疗","","A","无","单选题"
"277","（  ）是符合我国国情、具有鲜明中国特色的社会主义新型政党制度。","多党合作的政治协商制度","中国共产党领导的多党合作和政治协商制度","人民代表大会制度","基层群众自治制度","","B","无","单选题"
"278","党的一切工作，必须以（     ）为最高标准。","经济效益和社会效益的统一","生产力的发展","最广大人民的根本利益","共同富裕","","C","无","单选题"
"279","江泽民紧紧把握经济全球化加快的趋势，强调中国要发展、要进步、要富强，就必须（    ），加强与世界各国的经济、科技、文化的交流和合作，吸收和借鉴一切先进的东西。","深化改革","对外开放","坚持高质量发展","融入全球产业链","","B","无","单选题"
"280","（ ）是强国之路，是我们党和国家发展进步的活力源泉。","改革开放","创新驱动","四项基本原则","经济建设","","A","无","单选题"
"281","毛泽东强调，关于正确处理人民内部矛盾的问题是（    ）的主题。","建设创新型国家","建设社会主义现代化国家","社会主义初级阶段","社会主义国家政治生活","","D","无","单选题"
"282","2018年，（    ）通过的宪法修正案，郑重地把习近平新时代中国特色社会主义思想载入宪法，实现了国家指导思想的与时俱进。","十四届全国人大一次会议","十三届全国人大二次会议","十三届全国人大一次会议","十四届全国人大二次会议","","C","无","单选题"
"283","依法治国，前提是（  ）。","有法必依","有法可依","执法必严","违法必究","","B","无","单选题"
"284","（  ）是兴国之魂，决定着中国特色社会主义发展方向。","普世价值","社会主义核心价值体系","社会主义荣辱观","核心价值观","","B","无","单选题"
"285","以下选项中不属于习近平新时代中国特色社会主义思想的主要内容的是（    ）。","明确全面深化改革总目标是完善和发展中国特色社会主义制度、推进国家治理体系和治理能力现代化","坚持总体国家安全观","以人为本""全面发展""协调发展""可持续发展","积极发展全过程人民民主","","C","无","单选题"
"286","中国共产党把全心全意为人民服务作为自己的（  ），始终坚持人民的利益高于一切。","唯一标准","根本宗旨","指导思想","党规党纪","","B","无","单选题"
"287","以下关于习近平新时代中国特色社会主义思想的表述不正确的是（    ）。","是全党全国人民为实现中华民族伟大复兴而奋斗的行动指南","是对马克思列宁主义、毛泽东思想、邓小平理论、""三个代表""重要思想、科学发展观的继承和发展","是中国特色社会主义理论体系在新世纪新阶段的新发展","是中华文化和中国精神的时代精华","","C","无","单选题"
"288","科学发展观的基本要求是（  ）","全面协调可持续","以人为本","统筹兼顾","发展","","A","无","单选题"
"289","和平统一、一国两制的核心是坚持（ ）。","高度自治","两制并存","一个中国","和平统一","","C","无","单选题"
"290","（ ）是社会发展的最根本的决定性因素。","生产关系","生产力","科学技术","国防力量","","B","无","单选题"
"291","1980年5月，（ ）第一次提出了""社会主义的本质""这个概念。","江泽民","毛泽东","邓小平","胡锦涛","","C","无","单选题"
"292","我们党的文件中第一次提出科学发展观是在（    ）。","党的十六大","党的十六届三中全会","党的十六届四中全会","党的十七大","","B","无","单选题"
"293","社会主义市场经济理论认为，计划经济与市场经济属于（ ）。","不同的资源配置方式","不同的经济增长方式","不同的经济制度的范畴","不同的生产关系的范畴","","A","无","单选题"
"294","党的（    ）把科学发展观写入党章，科学发展观进一步走向成熟。","十六大","十七大","十八大","十九大","","B","无","单选题"
"295","胡锦涛在全国科学技术大会上的讲话中指出，我国调整产业结构、转变增长方式的中心环节是（  ）。","增强自主创新能力","积极实施可持续发展战略","建立资源节约型、环境友好型社会","大力倡导科教兴国战略","","A","无","单选题"
"296","邓小平指出，社会主义的本质，是解放生产力，发展生产力，消灭剥削，消除两极分化，最终达到（ ）。","发达国家水平","小康社会","共同富裕","现代化","","C","无","单选题"
"297","邓小平指出：""在中国建设社会主义这样的事，马克思的本本上找不出来，列宁的本本上也找不出来，每个国家都有自己的情况，各自的经历也不同，所以要（ ）。""","加强交流","独立思考","改革开放","学习借鉴","","B","无","单选题"
"298","科学发展观是对经济社会发展（  ）认识的深化，是马克思主义关于发展的世界观和方法论的集中体现。","一般规律","时代规律","价值规律","特殊规律","","A","无","单选题"
"299","1978年12月13日，邓小平在中央工作会议闭幕会议上发表了（ ）的重要讲话，这实际上是党的十一届三中全会的主题报告。","《加快和深化改革》","《全面开创社会主义现代化建设的新局面》","《解放思想，实事求是，团结一致向前看》","《积极探索中国社会主义建设道路，总结经验，为建设一个伟大的社会主义中国而奋斗》","","C","无","单选题"
"300","台湾问题性质不同于香港问题和澳门问题，台湾问题的实质是（ ）。","历史上殖民主义侵略遗留下来的问题","中国的内政问题","中国与日本的关系问题","中国与美国的关系问题","","B","无","单选题"
"301","党的十七大在""五个统筹""的基础上提出要实现""八个统筹""，进一步丰富了我们党关于统筹兼顾的思想。新增的""三个统筹""是（   ）。","统筹中央和地方关系，统筹个人利益和集体利益、局部利益和整体利益、当前利益和长远利益，统筹国内国际两个大局","统筹城乡发展，统筹个人利益和集体利益、局部利益和整体利益当前利益和长远利益，统筹国内发展和对外开放","统筹经济社会发展，统筹个人利益和集体利益、局部利益和整体利益、当前利益和长远利益，统筹国内国际两个大局","统筹城乡发展、统筹区域发展、统筹经济社会发展","","A","无","单选题"
"302","经济体制改革的核心问题是处理好（  ）的关系。","党和群众","政府和市场","经济与政治","经济与生态","","B","无","单选题"
"303","党的十四大报告从（    ）等九个方面概括了中国特色社会主义理论的主要内容。","战略步骤、阶级基础、根本任务","发展目标、外部环境、组织保证","根本任务、发展动力、政治保证","发展道路、发展阶段、思想基础","","C","无","单选题"
"304","（    ）是全党一项重大的政治任务，是关系党和国家生死存亡的严重政治斗争。","坚决反对和防止腐败","讲学习、讲政治、讲正气","驾驭市场经济的能力","维护党中央的决定","","A","无","单选题"
"305","（  ）是从全局和战略高度确立的统筹区域发展和现代化建设的总体布局。","区域发展长期战略","区域发展总体战略","总体发展战略","统筹发展战略","","B","无","单选题"
"306","(     )年的宪法修正案正式将邓小平理论载入宪法。","1998","1997","1999","2000","","C","无","单选题"
"307","三个代表重要思想把发展先进生产力、发展先进文化和实现最广大人民的根本利益统一起来，从深层次上揭示了（    ）。","社会主义制度不断完善和发展的途径","把经济社会发展转入以人为本、全面协调可持续发展的途径","初级阶段社会主义建设的基本规律","新时代中国特色社会主义的本质特征、发展规律","","A","无","单选题"
"308","党的（   ）将""三个代表""重要思想与马克思列宁主义、毛泽东思想和邓小平理论一道确立为党必须长期坚持的指导思想，并写入党章。","十四大","十六大","十七大","十五大","","B","无","单选题"
"309","（  ）集中体现了马克思主义的基本原理，体现了我们党全心全意为人民服务的根本宗旨和推动经济社会发展的根本目的，是社会主义的本质特征。","以人为本","全面协调可持续","统筹兼顾","建设美丽中国","","A","无","单选题"
"310","到（    ），我们已经胜利实现了现代化建设""三步走""战略的第一步、第二步目标，人民生活总体上达到小康水平。","21世纪前20年","21世纪初","20世纪末","21世纪中期","","C","无","单选题"
"311","科学发展观是我们党执政理念的丰富和发展，是全面建设小康社会、加快推进社会主义现代化的（  ）。","理论基础","根本指针","基本条件","最新成果","","B","无","单选题"
"312","邓小平在（ ）中对社会主义本质作出了总结性的理论概括。","南方谈话","党的十一届三中全会","党的十三大","党的十四大","","A","无","单选题"
"313","党的十六大以后，我们推进以（    ）为重点的社会建设，取消农业税，不断推进学有所教、劳有所得、病有所医、老有所养、住有所居，促进社会和谐稳定。","增加住房","改善民生","加快城乡建设","完善城镇医疗","","B","无","单选题"
"314","南方谈话是（    ）的集大成之作，从理论上深刻地回答了当时困扰和束缚人们思想的一系列重大问题，推动改革开放和社会主义现代化建设进入新阶段。","三个代表重要思想","毛泽东思想","邓小平理论","科学发展观","","C","无","单选题"
"315","《中共中央关于制定国民经济和社会发展第十二个五年规划的建议》指出：以（  ）为主题，是时代的要求，关系改革开放和现代化建设全局。","科学发展","快速发展","和平发展","稳健发展","","A","无","单选题"
"316","1956年，随着苏共二十大的召开和波匈事件的发生，（    ）的弊端初步暴露出来。","大跃进","社会主义","苏联模式","人民公社化","","C","无","单选题"
"317","科学发展观强调，坚持科学发展，要正确认识和处理发展（   ）的辩证关系，抓紧解决我国发展面临的突出矛盾和问题。","好与""快""","好与""精""","好与""新""","精与""快""","","A","无","单选题"
"318","坚持中国特色社会主义政治发展道路，最根本的是要坚持党的领导、人民当家作主、依法治国有机统一，其中，党的领导是人民当家作主和依法治国的（  ）。","重要基础","根本保证","基本依据","重要前提","","B","无","单选题"
"319","对于民族矛盾，毛泽东提出实行（   ）的方针。","宗教信仰自由","百花齐放","实行地方民族主义","民族平等、团结互助","","D","无","单选题"
"320","改革开放以来，我们党在强调加快发展的同时，始终重视发展的质量和效益，重视发展的（  ）。","可持续性","可创新性","可调节性","可重复性","","A","无","单选题"
"321","（  ）深刻体现了唯物辩证法在发展问题上的科学运用，深刻揭示了实现科学发展、促进社会和谐的基本途径，是正确处理经济社会发展中重大关系的方针原则。","全面协调可持续","统筹兼顾","以人为本","宏观调控","","B","无","单选题"
"322","邓小平站在时代的高度，敏锐地把握住了国际形势的重大变化，指出""应当把（    ）问题提到全人类的高度来认识，要从这个高度去观察问题和解决问题""。","改革","革命","和平","发展","","D","无","单选题"
"323","正是在探索和回答什么是社会主义、怎样建设社会主义这一（    ）理论问题的过程中，我们党开创了中国特色社会主义的伟大事业。","唯一的关键的","首要的基本的","复杂的艰难的","科学的未知的","","B","无","单选题"
"324","1982年9月1日至11日，中国共产党第十二次全国代表大会在北京举行。邓小平在开幕词中响亮提出：""把马克思主义的普遍真理同我国的具体实际结合起来，走自己的道路，（    ）。""","实现马克思主义中国化时代化","建设社会主义市场经济","建设有中国特色的社会主义","建设社会主义初级阶段","","C","无","单选题"
"325","在当代中国，坚持发展是硬道理的本质要求就是坚持（  ）。","科学发展","求真务实","改革开放","科技创新","","A","无","单选题"
"326","科学发展观提出（  ）的根本要求，把发展看作是相互推进、系统协调的过程。","以人为本","统筹兼顾","协同推进","协调发展","","B","无","单选题"
"327","社会主义制度建立以后，(     )是我们党必须认真研究和解决的一个重大课题。","如何深化阶级斗争","如何开展整风运动","如何继续进行革命","如何巩固和发展社会主义制度","","D","无","单选题"
"328","党在社会主义初级阶段的基本路线中，（ ）是实现奋斗目标的根本立足点。","以经济建设为中心","坚持四项基本原则","自力更生，艰苦创业","领导和团结各族人民","","C","无","单选题"
"329","2008年12月，中央召开经济工作会议，强调科学发展观第一要义是（    ），越是在经济发展面临较大困难的时候，我们越是要坚定不移地贯彻发展是硬道理的战略思想。","开放","发展","改革","以人为本","","B","无","单选题"
"330","（ ）是立国之本，是我们党和国家生存发展的政治基石。","四项基本原则","计划生育","一国两制","改革开放","","A","无","单选题"
"331","坚持以人为本，就要坚持发展为了人民，始终把（  ）放在第一位。","人的发展","最广大人民的根本利益","经济建设","发展民生","","B","无","单选题"
"332","党的十九届六中全会指出，改革开放和社会主义现代化建设新时期，党面临的主要任务是，继续探索中国建设社会主义的正确道路，解放和发展社会生产力，使人民摆脱贫困、尽快富裕起来，为实现中华民族伟大复兴提供充满新的活力的体制保证和快速发展的（    ）。","文化条件","精神条件","物质条件","政治条件","","C","无","单选题"
"333","为了更好地实现现代化发展战略，邓小平提出了（ ）发展的思想，要求抓住机遇，加快发展，争取隔几年使国民经济上一个新台阶。","台阶式","渐进式","平稳式","螺旋式","","A","无","单选题"
"334","科学发展观所要求的全面发展，以（   ）为中心。","政治建设","经济建设","科技发展","人的全面发展","","B","无","单选题"
"335","在""三个代表""重要思想指导下，中国共产党领导全国各族人民，在国内外形势十分复杂、世界社会主义出现严重曲折的严峻考验面前捍卫了中国特色社会主义，开创全面改革开放新局面，推进党的建设新的（    ），成功把中国特色社会主义推向21世纪。","伟大事业","伟大梦想","伟大斗争","伟大工程","","D","无","单选题"
"336","党的（  ）提出，统筹城乡发展，推进社会主义新农村建设，要加强农业基础地位，走中国特色农业现代化道路，建立以工促农、以城带乡长效机制，形成城乡经济社会发展一体化新格局。","十七大","十六大","十五大","十八大","","A","无","单选题"
"337","世纪之交，我们已经实现了现代化建设""三步走""战略的（    ）目标。","全部","第一步","前两步","全面建设小康社会","","C","无","单选题"
"338","科学发展观指出，（  ）是经济社会可持续发展的重要条件，也是一个民族生存和发展的根本基础。","优秀的科技创新能力","良好的生态环境","强有力的军事实力","稳定的政治环境","","B","无","单选题"
"339","进入21世纪，世界处在大发展大变革大调整之中。和平与发展仍然是时代主题。以下具体表现表述不正确的是（    ）。","科技革命加速推进","世界多极化不可逆转","逆全球化掀起浪潮","大国关系深刻变动","","C","无","单选题"
"340","中国的改革和建设靠我们来领导。如果我们把作风整顿好了，我们在工作中就会更加主动，我们的本事就会更大，工作就会做得更好。毛泽东这是在讲（　　）问题。","军队建设","文化建设","经济建设","党的建设","","D","无","单选题"
"341","习近平总书记指出，党的基本路线是国家的生命线、人民的幸福线，我们要坚持把（ ）作为兴国之要。","以经济建设为中心","以政治建设为中心","四项基本原则","改革开放","","A","无","单选题"
"342","中国特色社会主义理论体系，是在认真总结我国社会主义建设（    ）的历史经验、科学判断党和国家发展所处历史方位的基础上形成并不断发展的。","错误教训","取得成功","正反两方面","深化改革","","C","无","单选题"
"343","1987年，党的十三大确认了（ ）是当今世界的两大主题这一深刻论断。","和平与稳定","和平与发展","稳定与发展","战争与冲突","","B","无","单选题"
"344","谁掌握了先进的（  ），谁就掌握了经济社会发展的主动权。","科学技术","武器装备","文学艺术","政治策略","","A","无","单选题"
"345","只有自觉坚持把（  ）的要求贯彻到经济社会发展各方面，体现到党和国家各项方针政策中，实现科学发展才能具有最广泛最深厚的群众基础。","依法治国","以人为本","统筹兼顾","党风廉政建设","","B","无","单选题"
"346","党的十八大以来，以习近平同志为核心的党中央创立习近平新时代中国特色社会主义思想，实现了马克思主义（    ）新的飞跃，为新时代党和国家事业发展提供了根本遵循。","时代化民族化","中国化创新化","中国化时代化","时代化创新化","","C","无","单选题"
"347","江泽民强调，必须""大力推动科技进步和创新，不断用先进科技改造和提高国民经济，努力实现我国（    ）的跨越""。","生产力发展","劳动者素质","经济增长模式","教育水平","","A","无","单选题"
"348","20世纪六七十年代我国国民经济发展遵循的重要指导方针是（   ）。","自由发展","团结-批评-团结","统筹兼顾","备战、备荒、为人民","","D","无","单选题"
"349","（  ），是我们党对人民的庄严承诺，是全国各族人民根本利益所在。","全面建设小康社会","全面建成小康社会","统筹经济社会发展","保障和改善民生","","B","无","单选题"
"350","我国改革从（    ）率先突破，逐步转向城市经济体制改革并全面铺开，确立社会主义市场经济的改革方向。","计划少一点，市场多一点","计划经济为主，市场经济为辅","农村实行家庭联产承包责任制","开辟经济开放区","","C","无","单选题"
"351","社会主义民主政治的本质和核心是（  ）。","人民代表大会制度","人民当家作主","为人民服务","人民民主专政","","B","无","单选题"
"352","社会主义建设开始后，党对我国社会的主要矛盾有了较为正确的认识，据此提出我国的根本任务是(    )。","阶级斗争","继续进行无产阶级革命","为实现中华民族伟大复兴提供充满新的活力体制保证和快速发展的物质条件","在新的生产关系下保护和发展生产力","","D","无","单选题"
"353","正式使用""邓小平理论""概念，并将其确立为党的指导思想写入党章是在党的(     )。","十七大","十四大","十五大","十六大","","C","无","单选题"
"354","（    ）是社会主义政治制度的自我完善和发展。","政治体制改革","经济体制改革","全面深化改革","领导干部人事制度改革","","A","无","单选题"
"355","1992年党的十四大系统总结了改革开放以来十四年取得的巨大成就，同时指出：""我们党所以能够取得这样的胜利，根本原因是在十四年的伟大实践中，坚持把（    ）同中国具体实际相结合，逐步形成和发展了建设有中国特色社会主义的理论。""","科学社会主义","毛泽东思想","马克思主义基本原理","国外成功经验","","C","无","单选题"
"356","（ ）是党的根本组织制度和领导制度，是最便利、最合理的制度。","多党合作制","民主集中制","基层群众自治制度","人民代表大会制度","","B","无","单选题"
"357","三个代表重要思想对解决台湾问题、实现祖国统一方面提出了（    ）。","发展两岸关系的八项主张","和平统一、一国两制的方针","建立两岸军事安全互信机制","新时代党解决台湾问题的总体方略","","A","无","单选题"
"358","毛泽东认为，要大兴（　 ）之风，总结正反两方面经验教训，找出社会主义建设的客观规律，制定适合中国情况的方针和政策。","调整巩固","调查整顿","改革建设","调查研究","","D","无","单选题"
"359","20世纪80年代末90年代初，和平与发展仍然是时代的主题，（    ）仍然在曲折中获得了发展，这也为我国的社会主义建设带来了一个难得的相对稳定的和平的外部环境。","全球一体化","世界多极化","世界单极化","逆全球化","","B","无","单选题"
"360","我国改革开放和社会主义现代化建设的崭新实践，是（    ）生机勃勃的伟大创造，是理论发展的源泉。","知识分子","党中央","人民群众","社会先锋","","C","无","单选题"
"361","积极参与（    ）是包括我国在内的发展中国家实现现代化的必由之路。","经济全球化","逆全球化","军备竞赛","信息研究","","A","无","单选题"
"362","1956年9月，党的八大集中讨论了执政党的建设问题，根据苏联社会主义建设的经验教训，强调坚持（　　）和集体领导制度。","健全党内民主","人民民主专政","少数服从多数","民主集中制","","D","无","单选题"
"363","（    ）是先进生产力的开拓者，在改革开放和现代化建设中有着特殊重要的作用。","农民","工人","知识分子","技术人员","","C","无","单选题"
"364","20世纪70年代，经济全球化深入发展促使世界各国经济日益紧密联系在一起。（    ）成为综合国力竞争的焦点。","科技竞争","人力资源竞争","殖民地竞争","军事竞争","","A","无","单选题"
"365","以胡锦涛同志为主要代表的中国共产党人，创造性地回答了（    ）这一重大问题。","什么是社会主义、怎样建设社会主义","实现什么样的发展、怎样发展","建设什么样的党、怎样建设党","什么是马克思主义、怎样发展马克思主义","","B","无","单选题"
"366","进入21世纪，国际环境中（    ）因素增多，我国发展的外部条件复杂多变。","不稳定不确定","不统一不和谐","两极分化","发展不平衡","","A","无","单选题"
"367","1987年召开的党的十三大，第一次比较系统地论述了我国社会主义初级阶段理论，明确概括和全面阐发了党的（    ）的基本路线。","三步走发展战略","社会主义全面发展","一个中心、两个基本点","四项基本原则","","C","无","单选题"
"368","完善基层群众自治制度，发展基层民主，是社会主义民主政治建设的（  ）。","重心","基础","根本","保障","","B","无","单选题"
"369","世界进入新的动荡变革期的具体表现不包括（    ）。","世界经济复苏强劲","世纪疫情影响深远","逆全球化思潮抬头","局部冲突和动荡频发","","A","无","单选题"
"370","2006年1月1日起废止了（  ），一个在我国存在了2600年的古老税种宣告终结。","《中华人民共和国印花税条例》","《中华人民共和国农业税条例》","《中华人民共和国土地税条例》","《中华人民共和国消费税条例》","","B","无","单选题"
"371","1978年12月召开的党的十一届三中全会，重新确立了（    ）的思想路线，彻底否定了""以阶级斗争为纲""的错误理论和实践。","独立自主","群众路线","实事求是","深化改革","","C","无","单选题"
"372","对共产党和民主党派的矛盾，毛泽东提出了实行在坚持社会主义道路和共产党领导的前提下（   ）的方针。","长期共存、互相监督","统筹兼顾、适当安排","坚持民主集中制","绝对领导","","A","无","单选题"
"373","（  ）是我们党解决民族问题的一个重大创造。","民族宗教信仰自由制度","民族区域自治制度","各民族共同繁荣发展","民族团结","","B","无","单选题"
"374","1979年3月30日，邓小平在党的理论工作务虚会上指出，实现四个现代化的根本前提是（ ）。","坚持四项基本原则","坚持改革开放","以经济建设为中心","坚持党的领导","","A","无","单选题"
"375","坚持（  ），就是要按照中国特色社会主义事业总体布局，正确认识和把握经济建设、政治建设、文化建设、社会建设、生态文明建设是相互联系、相互促进的有机统一体。","绿色发展","全面发展","共享发展","统筹发展","","B","无","单选题"
"376","20世纪80年代末90年代初，如何加快推进社会主义现代化，把一个繁荣发展的社会主义中国带入21世纪，是对我们党的重大考验。以下关于这一时期的表述不正确的是（    ）。","我们党历经革命、建设和改革,已经从领导人民为夺取全国政权而奋斗的党，成为领导人民掌握全国政权并长期执政的党","我们党的队伍进入整体性交接的关键时刻，一大批年轻干部走上了各级领导岗位","经过整风运动，党员干部端正了思想方法和政治路线，反腐败斗争取得了全面胜利","已经从受到外部封锁和实行计划经济条件下领导国家建设的党，成为对外开放和发展社会主义市场经济条件下领导国家建设的党","","C","无","单选题"
"377","在对冷战结束后国际局势进行科学判断的基础上，以江泽民同志为主要代表的中国共产党人明确提出（    ）已经成为先进生产力的集中体现和主要标志。","科学技术","劳动人民","管理方式","经济水平","","A","无","单选题"
"378","改革开放初期我国设立的经济特区包括（    ）。","深圳、上海、厦门、汕头、海南","深圳、上海、汕头、珠海、杭州","深圳、厦门、海南、珠海、苏州","深圳、珠海、汕头、厦门、海南","","D","无","单选题"
"379","党的（    ）把习近平新时代中国特色社会主义思想确立为党必须长期坚持的指导思想并庄严地写入党章，实现了党的指导思想的与时俱进。","十七大","十九大","十八大","二十大","","B","无","单选题"
"380","科学发展观的核心立场是（　）。","以人为本","发展","统筹兼顾","全面协调可持续","","A","无","单选题"
"381","（　　）以后，国内的社会矛盾和阶级关系发生重大变化，无产阶级同资产阶级之间的矛盾已经基本解决。","三反""五反","一五计划完成后","新中国成立","社会主义改造的任务完成","","D","无","单选题"
"382","加强领导班子建设，（ ），是加强党的建设，保证党的路线的连续性和国家长治久安的根本大计。","加强制度建设","培养和选拔德才兼备的各级领导干部","坚持和健全民主集中制","重视马克思主义理论学习","","B","无","单选题"
"383","中国特色社会主义理论体系的开篇之作是（ ）。","毛泽东思想","科学发展观","邓小平理论","三个代表重要思想","","C","无","单选题"
"384","20世纪70年代前期，毛泽东针对当时国际形势的变化逐渐形成了关于（   ）的战略思想。","两个转变","争取""中间地带""","低调外交","三个世界划分","","D","无","单选题"
"385","江泽民同志认为，党的全部任务和责任，就是（    ）。","实现民族复兴","为实现人民群众的根本利益而奋斗","贯彻党的基本路线","发展生产力","","B","无","单选题"
"386","一个中心、两个基本点是实现社会主义现代化奋斗目标的（ ）。","基本途径","依靠力量","根本保证","基本方针","","A","无","单选题"
"387","1987年党的十三大召开前夕，邓小平指出：""我们党的十三大阐述中国社会主义是处在一个什么阶段，就是处在初级阶段，是初级阶段的社会主义。社会主义本身是共产主义的初级阶段，而我们中国又处在社会主义的初级阶段，就是不发达的阶段。""以上论述表明，社会主义初级阶段是（ ）。","资本主义向社会主义的过渡阶段","我国生产力落后、商品经济不发达条件下建设社会主义必然要经历的特定历史阶段","新民主主义向社会主义过渡的阶段","任何国家进入社会主义都必须经历的起始阶段","","B","无","单选题"
"388","越是集中力量发展经济，越是加快改革开放的步伐，就越需要社会主义（ ）提供强大的精神动力和智力支持，以保证物质文明建设的顺利进行。","精神文明","政治文明","社会文明","生态文明","","A","无","单选题"
"389","20世纪70年代，局部战争仍有发生，国际形势总体趋向（    ）。","紧张","激烈","动荡","缓和","","D","无","单选题"
"390","邓小平理论的精髓是（ ）。","坚持改革开放","解放思想、实事求是","坚持四项基本原则","解放生产力，发展生产力","","B","无","单选题"
"391","党的十九届六中全会审议通过的《中共中央关于党的百年奋斗重大成就和历史经验的决议》，概括了中国共产党百年奋斗的十条历史经验。以下不属于十条历史经验的是（    ）。","坚持自我革命","坚持胸怀天下","坚持合作共赢","坚持敢于斗争","","C","无","单选题"
"392","以下表述有误的是（    ）。","三个代表重要思想是中国特色社会主义理论体系的开篇之作","江泽民同志是全党全军全国各族人民公认的享有崇高威望的卓越领导人，伟大的马克思主义者，伟大的无产阶级革命家、政治家、军事家、外交家","江泽民同志是""三个代表""重要思想的主要创立者","三个代表重要思想加深了对什么是社会主义、怎样建设社会主义和建设什么样的党、怎样建设党的认识，积累了治党治国新的宝贵经验","","A","无","单选题"
"393","关于""改革是中国的第二次革命""的论述，以下说法错误的是（ ）。","改革不允许否定和抛弃我们建立起来的社会主义基本制度","改革就是一个阶级推翻另一个阶级的革命","改革不是原有经济体制的细枝末节的修补","改革的实质和目标是要从根本上改变束缚我国生产力发展的经济体制","","B","无","单选题"
"394","全面开启中国社会主义建设事业的起点是在（　　）之后。","国民经济恢复任务完成","党的十一届三中全会召开","中华人民共和国成立","社会主义改造基本完成","","D","无","单选题"
"395","和平统一、一国两制构想的提出，最早是针对（ ）提出来的。","台湾问题","香港问题","澳门问题","香港和澳门问题","","A","无","单选题"
"396","邓小平提出的""三个有利于""是判断我们一切工作是非得失的根本标准。其中（ ）是首要的也是最根本的一条。","是否有利于增强社会主义国家的综合国力","是否有利于发展社会主义社会的生产力","是否有利于提高人民生活水平","是否有利于满足人民精神文化需求","","B","无","单选题"
"397","在(     )上，江泽民将新时期党的建设新的伟大工程的总目标，高度概括为：""把党建设成为用邓小平理论武装起来、全心全意为人民服务、思想上政治上组织上完全巩固、能够经受住各种风险、始终走在时代前列、领导全国人民建设有中国特色社会主义的马克思主义政党。""","党的十四大","党的十六大","党的十五大","党的十四届三中全会","","C","无","单选题"
"398","江泽民在党的十五大报告中明确指出：""（   ），是党领导人民治理国家的基本方略，是发展社会主义市场经济的客观需要，是社会文明进步的重要标志，是国家长治久安的重要保障。""","依法治国","依法执政","从严治党","以德治国","","A","无","单选题"
"399","邓小平曾说过：""我们马克思主义者过去闹革命，就是为了社会主义、共产主义理想而奋斗。现在我们搞经济改革，仍然要坚持社会主义道路，坚持共产主义的理想，年轻一代尤其要懂得这一点。""""我们的经验教训有很多条，最重要的一条，就是要搞清楚这个问题。""""这个问题""是指（ ）。","两个文明一起抓","什么是社会主义、怎样建设社会主义","解放生产力，发展生产力","发展才是硬道理","","B","无","单选题"
"400","毛泽东在《论十大关系》中确定的党关于社会主义建设的一个极为重要的基本方针是（   ）。","从落后的农业国转变为先进的工业国","以农立国","工业化建设和社会主义三大改造","调动一切积极因素为社会主义建设服务","","D","无","单选题"
"401","1978年3月，邓小平在全国科学大会上指出：""四个现代化，关键是（ ）的现代化。","科学技术","农业","国防","工业","","A","无","单选题"
"402","党在社会主义初级阶段的基本路线中，""坚持四项基本原则""回答了（ ）问题。","社会主义的根本任务","解放和发展生产力的政治保证","社会主义的发展动力和外部条件","解放和发展生产力的经济保证","","B","无","单选题"
"403","党的十八大以来，中国特色社会主义进入新时代，这是我国发展新的（    ）。","战略基点","未来方向","历史方位","时代依据","","C","无","单选题"
"404","1984年，党的十二届三中全会通过的《中共中央关于经济体制改革的决定》明确，（ ）的充分发展，是社会经济发展的不可逾越的阶段，是实现我国经济现代化的必要条件。","计划经济","商品经济","集体经济","民营经济","","B","无","单选题"
"405","20世纪60-70年代我国以加强国防为中心的战略大后方建设，即（   ）。","两弹一星工程","国民经济和社会发展五年规划","大跃进","三线建设","","D","无","单选题"
"406","（ ）是社会主义社会发展的直接动力。","改革","科技","阶级斗争","解放生产力","","A","无","单选题"
"407","邓小平指出：""切不要以为香港的事情全由香港人来管，中央一点都不管，就万事大吉了。这是不行的，这种想法不实际。""邓小平在这里重点强调的是（ ）。","香港必须驻军","香港是中央管理下的特别行政区，中央对香港拥有全面管治权","一国两制是因香港问题提出的，可以搞一点特殊","必须确保香港地区的稳定和繁荣","","B","无","单选题"
"408","一个中心、两个基本点是党在社会主义初级阶段基本路线的简明概括。其中，""一个中心""指的是（ ）。","以经济建设为中心","以人民为中心","以发展为中心","以国防建设为中心","","A","无","单选题"
"409","毛泽东在《关于正确处理人民内部矛盾的问题》中提出解决社会主义社会基本矛盾的途径是(    )。","在合理的范围内尽最大可能解决个人需要解决的问题","进行新民主主义革命","进行无产阶级专政下的继续革命","经过社会主义制度本身，不断地得到解决","","D","无","单选题"
"410","党的十四大之所以能够明确地把建立社会主义市场经济体制作为我国经济体制改革目标，是因为在社会主义可以实行市场经济的理论上有了重大突破，这个重大突破是认识到（ ）。","市场经济是法治经济","市场经济本身不具有制度属性","市场经济与计划经济是可以结合的","市场经济是有国家宏观调控的经济","","B","无","单选题"
"411","1956年底我国对农业、手工业和资本主义工商业的社会主义改造基本完成，标志着（   ）。","中国历史上长达数千年的阶级剥削制度的结束","实现了由新民主主义向社会主义的转变","我国的社会主义初级阶段从此开始","社会主义基本制度的确立","","ABCD","无","多选题"
"412","社会主义改造的完成和社会主义制度的确立，这些实践证明了（   ）。","由于经济文化还比较落后，中国的社会主义还只能是初级阶段的社会主义","中国可以在没有实现工业化的情况下进入社会主义","不经过社会生产力的极大发展，是可以超越社会主义初级阶段的","社会主义基本制度的确立正是为了推进中国的工业化、现代化建设","","ABD","无","多选题"
"413","新民主主义革命时期的统一战线包括两个联盟，这两个联盟是（  ）。","工人阶级和民族阶级的联盟","工人阶级同农民阶级、广大知识分子及其他劳动者的联盟","工人阶级和非劳动人民的联盟，主要是与民族资产阶级的联盟","工人阶级和大资产阶级的联盟","","BC","无","多选题"
"414","毛泽东在《新民主主义论》中阐述了新民主主义的（  ）。","政治","文化","经济","教育","","ABC","无","多选题"
"415","保护民族工商业，是新民主主义经济纲领中极具特色的一项内容。保护民族工商业的原因是（  ）。","民族资本主义经济操纵国计民生","同官僚资产阶级相比，民族资产阶级与帝国主义和封建主义联系较少","民族资本主义经济对发展现代技术、发展社会生产力具有积极作用","民族资本主义经济是一种与新生产力相联系的先进的生产方式和经济成分","","BCD","无","多选题"
"416","抗日战争时期，中国共产党在同国民党顽固势力斗争时所遵循的原则是（　）。","有理","有利","有节","寸土必争","","ABC","无","多选题"
"417","1938年11月，毛泽东在《战争和战略问题》中明确指出：""共产党的任务，基本的不是经过长期合法斗争以进入起义和战争，也不是先占城市后取乡村，而是走相反的道路。""中国革命""走相反的道路""的原因有（  ）。","半殖民地半封建的中国社会内无民主制度而受封建主义的压迫，外无民族独立而受帝国主义的压迫","近代中国是一个农业大国，农民占全国人口的绝大多数","近代中国社会政治经济发展极端不平衡，存在不少的统治薄弱环节","广大农村深受反动统治阶级的多重压迫和剥削，人民革命愿望强烈","","ABCD","无","多选题"
"418","近代中国社会的阶级结构是""两头小中间大""，""中间""是指（  ）。","无产阶级","农民阶级","民族资产阶级","城市小资产阶级","","BCD","无","多选题"
"419","中国共产党在过渡时期的总路线和总任务是逐步实现（   ）。","国家的社会主义工业化","国家对农业的社会主义改造","国家对手工业的社会主义改造","国家对资本主义工商业的社会主义改造","","ABCD","无","多选题"
"420","关于农业的社会主义改造，以下说法正确的是（   ）。","对农民不能采取剥夺的办法","对农民只能引导、说服和教育","农民既是私有者又是劳动者","对农民要使其自愿地走合作化道路","","ABCD","无","多选题"
"421","社会主义改造完成后，我国社会的阶级关_x000D_
系发生了根本的变化，体现在（  　）。","官僚资产阶级已经在中国内地被消灭","工人阶级已经成为国家的领导阶级","亿万农民和其他个体劳动者已经变成社会主义的集体劳动者","原来的地主和富农正在被改造成为自食其力的劳动者","","ABCD","无","多选题"
"422","中国共产党要领导革命取得胜利，必须不断加强党的思想建设、组织建设和作风建设。新民主主义革命时期党加强自身建设的主要经验是（  ）。","必须把思想建设始终放在党的建设的首位，以无产阶级思想克服和改造各种非无产阶级思想","必须加强党的组织建设和作风建设","必须联系党的政治路线加强党的建设","注意党的执政能力建设","","ABC","无","多选题"
"423","我国对农业进行社会主义改造的成功经验主要有（   ）。","实行""三级所有、队为基础""的农业集体经济体制","正确分析农村的阶级和阶层状况，制定正确的阶级政策","采取循序渐进的步骤，创造出互助组、初级农业生产合作社、高级农业生产合作社的过渡形式","遵循自愿互利、典型示范、国家帮助的原则","","BCD","无","多选题"
"424","新民主主义文化，就是无产阶级领导的人民大众的反帝反封建的文化，即民族的科学的大众的文化。其中""民族的""是指（  ）。","反对外来的资本主义文化","反对一切封建思想和迷信思想","就其内容说是反对帝国主义压迫，主张中_x000D_
华民族的尊严和独立","就其形式说是具有鲜明的民族风格、民族形式和民族特色，要有中国作风和中国气派","","CD","无","多选题"
"425","我国的社会主义改造取得了历史性的胜利，但也出现了（　  ）等失误和偏差。","改造要求过急，工作过粗，改变过快","在社会主义经济模式的选择和理解上过于单一，追求纯粹的单一的社会主义经济成分","在公有制实现形式的选择和理解上过于简单化","对于一部分原工商业者的使用和处理不很适当","","ABCD","无","多选题"
"426","初级形式的国家资本主义是国家对私营工商业实行（   ）。","经销代销","统购包销","个别企业公私合营","计划订货","","ABD","无","多选题"
"427","我国之所以能够采取赎买的方式对资本主义工商业进行和平改造，是因为（　 　）。","中国共产党与民族资产阶级长期保持着统一战线的关系","民族资产阶级具有两面性","农业、手工业的社会主义改造已完成","我国已经有了以工人阶级为领导、工农联盟为基础的人民民主专政的国家政权","","ABD","无","多选题"
"428","在新民主主义社会中，主要的经济成分是 (   )。","社会主义经济","个体经济","资本主义经济","合作社经济","","ABC","无","多选题"
"429","第二国际的机会主义者曾经以还没有实行社会主义的经济前提来否定经济文化比较落后的国家可以走向社会主义。以下对这种观点持反对意见的有（   ） 。","毛泽东","伯恩施坦","考茨基","列宁","","AD","无","多选题"
"430","在社会主义改造中，我国创造性地开辟了一条适合中国情况的对资本主义工商业进行社会主义改造的道路，主要有（   ）。","遵循自愿互利、典型示范和国家帮助的原则","采取从低级到高级的国家资本主义的过渡形式","用和平赎买的方法改造资本主义工商业","把资本主义工商业者改造成为自食其力的社会主义劳动者","","BCD","无","多选题"
"431","中国共产党依据马克思、恩格斯和列宁关于采用和平方式变革所有制的设想，结合中国的具体情况，用和平赎买的方针改造资本主义工商业的益处在于（   ）。","有利于争取和团结民族资产阶级，有利于团结各民主党派和各界爱国民主人士，巩固和发展统一战线","有利于发挥私营工商业在国计民生方面的积极作用，促进国民经济发展","有利于争取和团结全国的知识分子为社会主义建设服务","有利于发挥民族资产阶级中大多数人的知识、才能、技术专长和管理经验","","ABD","无","多选题"
"432","我国由新民主主义社会逐步过渡到社会主义社会这一过渡历史时期之所以必要，并且需要一个相当长的时间，是由于（   ）。","我国有极其广大的个体的农业和手工业","我国有在国民经济中占很大一部分比重的资本主义工商业","领导人的个人认识还有差异，思想上不能完全统一","我国经济和文化的落后","","ABD","无","多选题"
"433","社会主义改造的基本完成也带来了社会各方面的变化，包括（   ）。","人民民主政治建设有步骤地向前推进","巩固我国的社会主义制度，开创和发展中国特色社会主义","社会的阶级关系发生了根本的变化","社会经济结构发生了根本变化，社会主义经济成分已占绝对优势","","ACD","无","多选题"
"434","新民主主义社会的经济成分包括（   ）。","社会主义性质的国营经济","半社会主义性质的合作社经济","农民和手工业者的个体经济","私人资本主义经济和国家资本主义经济","","ABCD","无","多选题"
"435","毛泽东明确提出要走一条有别于苏联的中国工业化道路，这条道路的特点是（　　）。","坚持""两条腿走路""","以重工业为重点","以工业为主导","充分注意发展农业和轻工业","","ABCD","无","多选题"
"436","我国对资本主义工商业的改造采取赎买的方针，所谓赎买就是（　 　）。","国家有偿地将私营企业改变为国营企业","由国家支付一笔巨额补偿资金","让资本家在一定年限内从企业经营所得中获取一部分利润","国家通过教育引导把私营企业改变为集体企业","","AC","无","多选题"
"437","新民主主义革命和社会主义革命之间的关系是（　）。","新民主主义革命与社会主义革命性质相同","社会主义革命是新民主主义革命的必然趋势","新民主主义革命是社会主义革命的必要准备","新民主主义革命的胜利就是中国革命的终结","","BC","无","多选题"
"438","毛泽东指出，中国革命既是对外推翻帝国主义压迫的民族革命，又是对内推翻封建地主压迫的民主革命，民族革命和民主革命两个基本任务，既相互区别，又相互统一，体现在（　）。","帝国主义是封建地主阶级的靠山","如果不推翻帝国主义的统治，就不能消灭封建地主阶级的统治","地主阶级是帝国主义统治中国的主要社会基础","如果不推翻地主阶级，就不能彻底铲除封建制度的根基，就不能组织起强大的革命队伍，就不能推翻帝国主义在中国的统治","","ABCD","无","多选题"
"439","中国无产阶级除了具有一般无产阶级的基本优点外，还具备的自身的特点和优点有（  ）。","身受外国资本主义、本国封建势力和资产阶级的三重压迫，因而中国无产阶级在革命斗争中比任何别的阶级都来得坚决和彻底","成员中大部分出身于破产农民，和农民有着天然的联系，便于和农民结成亲密的联盟","集中分布在少数大城市和大企业，有利于组织和团结","与先进的生产方式相联系，富于组织性、纪律性","","ABC","无","多选题"
"440","无产阶级的领导权是（　）。","区别新旧两种不同范畴的民主主义革命的根本标志","中国革命的中心问题","新民主主义革命理论的核心问题","中国革命的基本问题","","ABC","无","多选题"
"441","全心全意为人民服务的宗旨，是（　）。","建设新型人民军队的基本前提","毛泽东建军思想的核心","人民军队一切行动的根本准则和一切工作的出发点与归宿","建设新型人民军队的根本原则","","AC","无","多选题"
"442","毛泽东明确指出，""只有经过民主主义，才能到达社会主义，这是马克思主义的天经地义""。对这句话理解正确的是（　）。","新民主主义革命与社会主义革命是互相联系、紧密衔接的","民主主义革命是社会主义革命的必要准备","社会主义革命是民主主义革命的必然趋势","民主主义革命与社会主义革命是有区别的","","ABCD","无","多选题"
"443","新民主主义革命时期，党建立、巩固和发展统一战线的经验主要有（　）。","建立巩固的工农联盟","坚持群众路线的原则","正确对待资产阶级，尤其是民族资产阶级","采取区别对待的方针，坚持发展进步势力、争取中间势力、孤立顽固势力的策略方针","","ACD","无","多选题"
"444","统一战线是无产阶级政党策略思想的重要内容。新民主主义革命时期，建立最广泛的统一战线的依据是（　）。","由中国半殖民地半封建社会的阶级状况所决定的","由中国革命的长期性、残酷性及其发展的不平衡性所决定的","半殖民地半封建的中国社会，诸多矛盾交织在一起，为无产阶级及其政党利用这些矛盾建立和发展统一战线提供了可能性","由各个阶级在不同时期有不同的要求和不同的政治态度所决定的","","ABC","无","多选题"
"445","新民主主义革命与社会主义革命性质不同，主要表现为（　）。","社会主义革命是无产阶级性质的革命","新民主主义革命所要实现的目标是消灭资本主义剥削制度和改造小生产的私有制","新民主主义革命属于资产阶级民主主义革命的范畴","新民主主义革命要建立的是无产阶级领导的各革命阶级的联合专政，而不是无产阶级专政","","ACD","无","多选题"
"446","下列对新民主主义革命总路线的内容理解正确的有（　）。","革命的对象是帝国主义、封建主义和官僚资本主义","革命必须由无产阶级及其政党充当领导者","革命的动力包括无产阶级、农民阶级、城市小资产阶级和民族资产阶级","革命的性质是资产阶级民主主义革命，革命的前途是社会主义而不是资本主义","","ABCD","无","多选题"
"447","新民主主义革命实质上就是党领导下的农民革命，这是因为（　）。","农民是中国革命的主力军，工人阶级只有与农民阶级结成巩固的联盟，才能形成强大的力量，才能完成反帝反封建的革命任务","农民阶级是中国人数最多、队伍最强大的先进阶级","农民是革命的领导者","在半殖民地半封建的中国社会，农民占全国人口的80%以上，他们深受压迫和剥削，具有强烈的反帝反封建的革命要求","","AD","无","多选题"
"448","""新民主主义革命，不是任何别的革命，它只能是和必须是无产阶级领导的，人民大众的，反对帝国主义、封建主义和官僚资本主义的革命。""毛泽东将""官僚资本主义""列为新民主主义革命对象的主要原因包括（  ）。","它是资本主义","严重束缚了中国社会生产力的发展","它对广大劳动人民残酷剥削和对民族工商业巧取豪夺","它通过国家垄断金融机构，滥发纸币和国债而疯狂侵吞社会财富","","BCD","无","多选题"
"449","抗日民族统一战线的策略方针是（　）。","争取中间势力","发展进步势力","反对封建势力","孤立顽固势力","","ABD","无","多选题"
"450","手工业的社会主义改造大体上经历了（   ）等几个发展阶段。","建立手工业生产合作社","办手工业供销合作社","办手工业供销小组","建立常年互助组","","ABC","无","多选题"
"451","关于新民主主义革命三大法宝之一的武装斗争的表述，说法正确的是（　）。","武装斗争是中国革命的特点和优点之一","要坚持正确的战略战术原则","坚持党对军队的绝对领导","坚持武装斗争必须建立一支人民军队","","ABCD","无","多选题"
"452","关于人民军队的论述，说法正确的是（  ）。","人民军队是一个执行革命的政治任务的武装集团","官兵一致的原则，就是军队要减轻民众的经济负担，宣传、组织和武装民众","人民军队必须是服从于无产阶级思想领导的、服务于人民斗争和根据地建设的工具","坚持党对军队的绝对领导是保持人民军队无产阶级性质和建军宗旨的根本前提","","ACD","无","多选题"
"453","下列文章与""工农武装割据""思想密切相关的是（  ）。","《新民主主义论》","《井冈山的斗争》","《中国的红色政权为什么能够存在？》","《星星之火，可以燎原》","","BCD","无","多选题"
"454","新民主主义革命依然属于资产阶级民主主义革命的范畴的原因有（  ）。","要建立的是无产阶级领导的各革命阶级的联合专政","在经济上保护民族工商业，容许有利于国计民生的私人资本主义发展","在政治上争取和联合民族资产阶级去反对共同的敌人","要实现的目标是消灭资本主义剥削制度和改造小生产的私有制","","ABC","无","多选题"
"455","保护民族工商业，是新民主主义经济纲领中极具特色的一项内容。在新民主主义条件下保护民族工商业，发展资本主义的决定性因素是（  ）。","新民主主义革命的性质","中国落后的生产力","民族资产阶级是中国革命的动力","民族资产阶级的软弱性和动摇性","","AB","无","多选题"
"456","抗日战争时期毛泽东在《中国革命和中国共产党》中集中全党智慧概括出了新民主主义革命的总路线；到解放战争时期，毛泽东又在《在晋绥干部会议上的讲话》中对新民主主义革命的总路线作了完整的概括。这两个时期对新民主主义革命总路线的概括的相同之处是（  ）。","都强调新民主主义革命在无产阶级的领导下进行","都提出新民主主义革命反对的是帝国主义、封建主义和官僚资本主义","都指出新民主主义革命是人民大众的革命","都强调新民主主义革命的总路线既是总路线又是总政策","","AC","无","多选题"
"457","新民主主义革命理论形成的客观条件是（　）。","""冷战""和两大阵营激烈对抗的国际环境","近代中国革命形势的发展","世界形势的新_x000D_
变化","旧民主主义革命的失败","","BCD","无","多选题"
"458","关于新民主主义政治纲领规定的新民主主义国家，以下说法正确的有（  ）。","国体是各革命阶级联合专政","政体是民主集中制的人民代表大会制度","各革命阶级的联合专政就是工农民主专政","人民当家作主是新民主主义国家制度的核心内容和基本准则","","ABD","无","多选题"
"459","中国革命走农村包围城市、武装夺取政权的道路，根本在于处理好（　）之间的关系。","民族资产阶级","武装斗争","土地革命","农村革命根据地建设","","BCD","无","多选题"
"460","新民主主义革命时期，以国共合作为基础所建立的统一战线有（  ）。","国民革命联合战线","工农民主统一战线","抗日民族统一战线","人民民主统一战线","","AC","无","多选题"
"461","统一战线问题，是无产阶级政党策略思想的重要内容。建立最广泛的统一战线的必要性和可能性是（　）。","半殖民地半封建的中国社会诸多矛盾交织在一起","近代中国社会的最主要矛盾决定了无产阶级及其政党能把一切爱国的人们团结在自己周围","中国半殖民地半封建社会的阶级状况所决定的","中国革命的长期性、残酷性及其发展的不平衡性所决定的","","ABCD","无","多选题"
"462","新民主主义革命的动力包括（　）。","城市小资产阶级","民族资产阶级","农民阶级","无产阶级","","ABCD","无","多选题"
"463","以下属于""十大关系""的后五条内容的是（   ）。","汉族和少数民族的关系","党和非党的关系","革命和反革命的关系","中央和地方的关系","","ABC","无","多选题"
"464","在进行社会主义改造、向社会主义过渡的进程中，中国共产党积累了丰富的历史经验。这些经验可以总结为（   ）。","坚持公有制经济和非公有制经济共同发展","采取积极引导、逐步过渡的方式","坚持社会主义工业化建设与社会主义改造同时并举","用和平方法进行改造","","BCD","无","多选题"
"465","马克思、恩格斯关于从资本主义社会向社会主义社会过渡的问题的相关论述是（   ）。","用暴力没收与和平赎买这两种方式来变革所有制","如果能用赎买的办法变革所有制，将是""最便宜不过了""","要有一个逐步消灭私有制、确立公有制并大力发展生产力的过渡时期","过渡时期是不可逾越的发展阶段","","ABCD","无","多选题"
"466","过渡时期总路线的""两翼""是实现（ 　　）。","对农业、手工业的社会主义改造","实现社会主义工业化","对资本主义工商业的社会主义改造","对工业的社会主义改造","","AC","无","多选题"
"467","以下属于社会主义建设道路初步探索的重要理论成果的是 (    )。","调动一切积极因素为社会主义事业服务","""一个中心，两个基本点""","走中国工业化道路","国防建设和军队建设","","ACD","无","多选题"
"468","1957年2月，毛泽东在《关于正确处理人民内部矛盾》的讲话中系统论述了社会主义社会基本矛盾的理论，其中的基本观点包括（ 　）。","社会主义社会的基本矛盾可以通过社会主义制度本身不断地得到解决","社会主义社会基本矛盾是在人民利益根本一致基础上的非对抗性矛盾","社会主义社会的基本矛盾具有基本适应、部分不适应的特点，又统一又斗争，推动社会主义不断完善巩固","社会主义社会的基本矛盾仍然是生产关系和生产力，上层建筑和经济基础之间的矛盾","","ABCD","无","多选题"
"469","关于社会主义社会矛盾，毛泽东(    )。","提倡运用对立统一规律深刻分析社会主义社会的矛盾","指出矛盾是普遍存在的，社会主义社会同样充满着矛盾，正是这些矛盾推动着社会主义社会不断地向前发展","指出在社会主义社会中，基本的矛盾仍然是生产关系和生产力之间的矛盾，上层建筑和经济基础之间的矛盾","指出我国的主要矛盾是人民日益增长的美好生活需要和不平衡不充分的发展之间的矛盾","","ABC","无","多选题"
"470","在探索社会主义建设道路的初期，以毛泽东为代表的党的第一代领导集体在积极探索适合我国情况的经济体制和运行机制方面提出的思想有(   )。","建立""适合于我国情况和人民需要的社会主义的市场""","要实行民主管理，实行""两参一改三结合""","发展商品生产，利用价值规律","整顿工业企业，改善和加强企业管理，实行职工代表大会制","","ABCD","无","多选题"
"471","毛泽东对适合中国国情的社会主义建设道路的探索，集中在《论十大关系》和《关于正确处理人民内部矛盾的问题》中，他提出的关于社会主义建设的重要理论观点是（　　）。","把党和国家的工作重点转移到政治革命和社会主义建设上来","调动国内外一切积极因素为社会主义事业服务","社会主义社会基本矛盾和两类矛盾的学说","正确处理人民内部矛盾","","BCD","无","多选题"
"472","毛泽东关于社会主义建设中积极因素和消极因素的关系表述正确的是(    )。","两者是一对矛盾","积极因素与消极因素呈现均衡态势","积极因素处于主导地位","两者在一定条件下可以相互转化","","ACD","无","多选题"
"473","党在探索社会主义建设道路过程中，在所有制结构调整和完善方面的理论成果包括(  )。","""三个主体，三个补充""的设想","注意发展手工业和农业多种经营的思想","建立适合我国情况和人民需要的社会主义市场的思想","把资本主义经济作为社会主义经济的补充的思想","","ABD","无","多选题"
"474","我国对资本主义工商业的社会主义改造经历了三个步骤，包括（   ）。","主要实行初级形式的国家资本主义","主要实行个别企业的公私合营","实行全行业的公私合营","实行全行业的无偿没收","","ABC","无","多选题"
"475","对待敌我矛盾的所谓专政方法，就是(    )。","运用人民民主专政的国家机器","对敌对分子和严重犯罪分子依法治罪","让专政对象自愿从事劳动","在劳动中尽量使专政对象改造成为新人","","ABD","无","多选题"
"476","我国社会主义的政治制度体系包括（   ）。","人民代表大会制度","中国共产党领导的多党合作和政治协商制度","民族区域自治制度","参议院选举制度","","ABC","无","多选题"
"477","1956年4月，毛泽东提出""和为贵""""爱国一家""""爱国不分先后""等政策主张。毛泽东、周恩来在不同场合进一步阐明和平解放台湾的具体方针政策，其要点有：（    ）。","省亲会友、来去自由","既往不咎、立功受奖","国共合作、爱国一家","和平解放、互不破坏","","ABCD","无","多选题"
"478","在对社会主义建设道路初步探索中，关于所有制结构的调整的正确思想有（　　）。","毛泽东、刘少奇、周恩来提出把资本主义经济作为社会主义经济的补充的思想","邓小平提出关于整顿工业企业，改善和加强企业管理，实行职工代表大会制等观点","朱德提出要注意发展手工业和农业多种经营的思想","陈云提出了""三个主体，三个补充""的设想","","ACD","无","多选题"
"479","党领导人民探索社会主义建设道路的意义包括（　　）。","巩固和发展了我国的社会主义制度","为开创中国特色社会主义提供了宝贵经验、理论准备、物质基础","完成了社会主义现代化国家建设","丰富了科学社会主义的理论和实践","","ABD","无","多选题"
"480","我们党领导人民进行社会主义建设，有改革开放前和改革开放后两个历史时期。关于这两个时期说法正确的有（   ）。","改革开放前和改革开放后两个历史时期本质上都是我们党领导人民进行社会主义建设的实践探索","不能用改革开放后的历史时期否定改革开放前的历史时期，也不能用改革开放前的历史时期否定改革开放后的历史时期","改革开放前和改革开放后两个历史时期是两个相互联系又有重大区别的时期","中国特色社会主义是在新中国已经建立起社会主义基本制度，并进行了20多年建设的基础上开创的","","ABCD","无","多选题"
"481","毛泽东关于社会主义社会矛盾的学说，其重要意义是（　 ）。","为改革开放新时期如何处理人民内部矛盾提供了具体方针和政策","为正确处理各种矛盾，创造良好的社会和政治环境，提供了基本的理论依据","科学揭示了社会主义社会发展的动力","以独创性的内容丰富了马克思主义的理论宝库","","BCD","无","多选题"
"482","1954年6月15日，毛泽东指出：""我们的总目标，是为建设一个伟大的社会主义国家而奋斗。……我看，我们要建成一个伟大的社会主义国家，大概经过五十年即十个五年计划，就差不多了，就像个样子了，就同现在大不一样了。""这是由于（    ）。","我国进入社会主义的特殊历史条件决定的","我国的现实状况决定的","我国现代化建设所处的国际环境和时代特点决定的","社会发展的自身规律决定的","","ABCD","无","多选题"
"483","1956年召开的中共八大正确分析了社会主义改造完成后我国社会主要矛盾的变化，指出社会主义制度在我国已经基本上建立起来了，我国国内的主要矛盾是（   ）。","人民对建立先进的工业国的要求同落后的农业国的现实之间的矛盾","人民对于经济文化迅速发展的需要同当前经济文化不能满足人民需要的状况之间的矛盾","工人阶级同民族资产阶级之间的矛盾","发展重工业和发展农业、轻工业之间的矛盾","","AB","无","多选题"
"484","新中国成立初期，我国主要学习苏联经验，但实践表明，（   ）。","仍需要实现马克思主义与中国实际的""第二次结合""","需要积极探索适合中国特点的社会主义建设道路","苏联经验是被实践证明了的关于中国革命和建设的完全正确的理论原则和经验总结","照抄照搬苏联经验不符合中国国情","","ABD","无","多选题"
"485","毛泽东提出一整套""两条腿走路""的工业化发展思路，具体包括（   ）。","重工业和轻工业同时并举","中央工业和地方工业同时并举","沿海工业与内地工业同时并举","大型企业和小型企业同时并举","","ABCD","无","多选题"
"486","社会主义建设道路初步探索时期，在党对台方针政策的推动下，对台工作取得了进展。我们（    ），为最终解决台湾问题创造了不可或缺的条件。","把蒋介石集团控制区域压缩到了台、澎、金、马地区，彻底打破了蒋介石""反攻大陆""的幻想","坚决粉碎了美国""划峡而治""的图谋","尝试了以和平的方式解放台湾","实现了中国与许多国家邦交正常化，确立了国际社会普遍承认一个中国原则的格局","","ABCD","无","多选题"
"487","马克思主义中国化时代化，就是（    ）。","运用马克思主义的立场、观点和方法，观察时代、把握时代、引领时代，解决中国革命、建设、改革中的实际问题","总结和提炼中国革命、建设、改革的实践经验并将其上升为理论，不断丰富和发展马克思主义的理论宝库，赋予马克思主义以新的时代内涵","运用中国人民喜闻乐见的民族语言来阐述马克思主义，使其植根于中华优秀传统文化的土壤之中，具有中国特色、中国风格、中国气派","采取实用主义的态度，在实践中遵循马克思主义科学理论照着做","","ABC","无","多选题"
"488","充分调动一切积极因素，尽可能地克服消极因素，并且努力化消极因素为积极因素，这是社会主义事业前进的需要，这里讲的积极因素与消极因素包括(    )。","党内的和党外的因素","抽象的和具体的因素","国内的和国外的因素","直接的和间接的因素","","ACD","无","多选题"
"489","在对资本主义工商业的社会主义改造中，为把资本主义工商业者改造成为自食其力的社会主义劳动者，国家对他们采取的措施包括（   ）。","以企业为基地，""量才使用，适当照顾""","在工作上发挥作用","在生活上妥善照顾","在政治上适当安排","","ABCD","无","多选题"
"490","党在过渡时期总路线是一条社会主义建设和社会主义改造同时并举的路线，它体现了（   ）。","社会主义工业化和社会主义改造的紧密结合","解放生产力的前提是变革生产关系","变革生产关系与发展生产力的有机统一","解放生产力与发展生产力的有机统一","","ACD","无","多选题"
"491","关于把资本主义工商业者改造成为自食其力的社会主义劳动者，以下说法正确的是（   ）。","既避免了激烈的阶级对抗，减少了改造的阻力，又推动了生产力的发展和社会的进步","改造资本家个人与消灭他们所属的资产阶级相结合","通过改造阶级成分的方式达到从整体上消灭资产阶级的目的","对企业的改造和对人的改造相结合","","ABCD","无","多选题"
"492","确立社会主义基本制度的重大意义有（   ）。","为当代中国一切发展进步奠定了制度基础","增强了社会主义的力量，对维护世界和平产生了积极影响","使广大劳动人_x000D_
民真正成为国家的主人","使占世界人口1/4的东方大国进入了社会主义社会","","ABCD","无","多选题"
"493","第一届全国人民代表大会的召开和《中华人民共和国宪法》的制定及颁布施行的意义包括（   ）。","为逐步健全和完善我国社会主义政治制度奠定了坚实的基础","标志着社会主义改造基本完成","成为我国社会主义民主政治建设的里程碑","为各族人民参与国家政治生活提供了必要条件和保证","","ACD","无","多选题"
"494","关于我国社会主义改造中出现的国家资本主义经济，认识正确的有（   ）。","这种新式国家资本主义经济是带着很大的社会主义性质的，是对工人和国家有利的","不是普通的资本主义经济，而是一种特殊的资本主义经济，即新式的国家资本主义经济","不是为了资本家的利润而存在，而是为了供应人民和国家的需要而存在","是在人民政府管理之下的，用各种形式和国营社会主义经济联系着的，并受工人监督的资本主义经济","","ABCD","无","多选题"
"495","新民主主义社会是（   ）。","一种独立的社会形态","属于社会主义体系的过渡性质的社会","中国由新民主主义转变到社会主义的过渡性质的社会","既有社会主义因素又有非社会主义因素存在的社会","","BCD","无","多选题"
"496","与新民主主义时期三种主要经济成分相联系，新民主主义社会的阶级构成主要是（   ）等基本的阶级力量。","工人阶级","农民阶级和其他小资产阶级","民族资产阶级","买办资产阶级","","ABC","无","多选题"
"497","我国对资本主义工商业的社会主义改造，采取从低级到高级的国家资本主义的过渡形式。具体内容包括（   ）。","委托加工、计划订货","租赁承包","个别企业的公私合营和全行业的公私合营","统购包销、经销代销","","ACD","无","多选题"
"498","中国必须要走社会主义道路，新民主主义社会要过渡到社会主义社会。从1949年至1952年，社会主义革命的任务实际上也已经开始实行了，主要体现在（   ）。","在完成土地改革之后的农村，及时开展互助合作运动","采取对私营工商业加工订货、经销代销等方式，广泛发展初级形式的国家资本主义","没收官僚资本，建立社会主义性质的国营经济","实行全行业的公私合营","","ABC","无","多选题"
"499","我国对个体手工业的社会主义改造，采取了类似改造个体农业的逐步过渡的方法。以下逐步过渡的形式中，在性质上相一致的过渡形式是（   ）。","手工业生产合作社","手工业供销小组","初级农业生产合作社","手工业供销合作社","","CD","无","多选题"
"500","土地改革完成后，我国广大农民的生产积极性大大提高，这种积极性主要表现在（   ）。","互助合作的积极性","个体劳动积极性","集体经济积极性","个体经济的积极性","","AD","无","多选题"
"501","社会主义基本制度以其与社会化大生产的一致性和能够在经济落后条件下尽可能地集中力量办大事的优势，为发展社会生产力开辟了广阔的道路。具体表现是（   ）。","一大批旧中国没有的基础工业部门和大中型工业企业相继建立，工业技术水平和工程设计能力有了较大提高","我国成为世界第二大经济体，经济实力、人民生活水平、综合国力迈上一个大台阶","奠定了我国社会主义工业化的初步基础","着力解决了人民日益增长的美好生活需要和不平衡不充分的发展之间的矛盾","","AC","无","多选题"
"502","下列属于新民主主义政治纲领的内容有（　）。","建立一个无产阶级领导的、以工农联盟为基础的、各革命阶级联合专政的新民主主义的共和国","建立一个资产阶级专政的共和国","推翻帝国主义和封建主义的统治","推翻帝国主义和官僚资本主义的统治","","AC","无","多选题"
"503","我国对农业实行社会主义改造遵循的原则有（   ）。","公私兼顾","自愿互利","国家帮助","典型示范","","BCD","无","多选题"
"504","新民主主义时期，民族资产阶级与工人阶级的矛盾具有两重性，具体表现为（   ）。","有剥削者与被剥削者的阶级利益相互对立的对抗性的一面","有接受改造的一面","有相互合作、具有相同利益的非对抗性的一面","有剥削工人的一面","","AC","无","多选题"
"505","党在过渡时期的总路线提出的客观依据是（   ）。","民主革命的遗留任务已经完成","政治、经济及社会面貌发生了巨大变化","从1949年至1952年，经过三年的努力国民经济得到恢复","中国历史上长达数千年的阶级剥削制度结束","","ABC","无","多选题"
"506","社会主义基本制度的确立是中国历史上最深刻最伟大的社会变革，也是20世纪中国又一次划时代的历史巨变。社会主义基本制度的确立（   ）。","为当代中国一切发展进步奠定了根本政治前提和制度基础","为中国特色社会主义制度的创新和发展提供了重要前提","完成了马克思主义同中国实际的第二次结合","是马克思列宁主义关于社会主义革命理论在中国的正确运用和创造性发展的结果","","ABD","无","多选题"
"507","中国共产党人根据马克思列宁主义关于农业社会主义改造的基本原理，从我国农村实际出发，开辟了一条适合我国情况的农业社会主义改造道路。对农业进行社会主义改造的方针、政策和办法包括（   ）。","遵循自愿互利、典型示范和国家帮助的原则","积极引导农民组织起来，走互助合作道路","坚持积极领导、稳步前进的方针，采取循序渐进的步骤","正确分析农村的阶级和阶层状况，制定正确的阶级政策","","ABCD","无","多选题"
"508","关于1953年12月形成的关于过渡时期总路线的表述正确的有（   ）。","逐步实现国家对手工业和资本主义工商业的社会主义改造","主要内容被概括为""一化三改""","从中华人民共和国成立，到社会主义改造基本完成，这是一个过渡时期","要在一个相当长的时期内，逐步实现国家的社会主义工业化","","ABCD","无","多选题"
"509","我国实行过渡时期总路线的有利国际环境包括（   ）。","苏联社会主义的发展已经显示出相对于资本主义的优越性","朝鲜战争停战使世界的形势开始和缓","欧美国家与我国关系极大缓和","第三世界国家崛起","","AB","无","多选题"
"510","我们党制定并贯彻执行了（   ），使农业合作化有了坚实的阶级基础和群众基础。","依靠贫下中农","发展互助合作","由逐步限制到最后消灭富农剥削的农村阶级政策","直接让农民进入城市，变成产业工人","","ABC","无","多选题"
"511","""四马分肥""指的是企业的利润，按（   ）这四个方面进行分配。","国家所得税、企业公积金","工人福利费、资方红利","企业所得税、国家公积金","工人分红、资方补贴费用","","AB","无","多选题"
"512","新民主主义社会存在着五种经济成分，社会主义国营经济掌握了主要经济命脉，居于领导地位。而以农业和手工业为主体的个体经济，则在国民经济中占绝对优势。要使社会主义经济逐步成为我国的经济基础，这就要（   ）。","逐步将资本主义经济和个体经济改变为社会主义经济","坚持社会主义工业化建设与社会主义改造同时并举","正确分析农村的阶级和阶层状况，制定正确的阶级政策","不断扩大国营经济","","AD","无","多选题"
"513","我国的社会主义改造，有些方面在世界历史上各种革命大变动中是罕见的，主要表现在（   ）。","没有造成生产力的破坏，反而促进了工农业和整个国民经济的发展","没有引起巨大的社会动荡，反而加强了人民的团结","是在人民普遍拥护的情况下完成的","实现了社会主义经济成分集体所有制和全民所有制两种基本形式","","ABC","无","多选题"
"514","1956年底，我国对（   ）的社会主义改造基本完成。","手工业","工业","资本主义工商业","农业","","ACD","无","多选题"
"515","关于群众路线，以下说法正确的是（   ）。","本质上体现的是马克思主义关于人民群众是历史的创造者这一基本原理","坚持群众路线，就要坚持工人阶级是推动历史发展的根本力量","坚持群众路线，就要保持党同人民群众的血肉联系","坚持群众路线，就要坚持全心全意为人民服务的根本宗旨","","ACD","无","多选题"
"516","新民主主义革命时期，党面临的主要任务是（　）。","反对帝国主义、封建主义、官僚资本主义","争取民族独立、人民解放","为实现中华民族伟大复兴创造根本社会条件","为实现中华民族伟大复兴奠定根本政治前提和制度基础","","ABC","无","多选题"
"517","当代大学生要紧密结合全面建设社会主义现代化国家的实际，紧密联系自己的思想实际，把（    ）有机统一起来，自觉投身于中国特色社会主义伟大实践，为实现中华民族伟大复兴作出应有贡献。","理论与实践","理想与现实","主观与客观","知与行","","ABCD","无","多选题"
"518","马克思主义是我们认识世界、把握规律、追求真理、改造世界的强大思想武器，它是（    ）。","科学的理论","人民的理论","实践的理论","不断发展的开放的理论","","ABCD","无","多选题"
"519","毛泽东思想是在我国（   ）的实践过程中，在总结我国革命和建设正反两方面历史经验的基础上，逐步形成和发展起来的。","新民主主义革命","社会主义革命","社会主义建设","社会主义改革","","ABC","无","多选题"
"520","关于毛泽东思想形成发展的历史条件，说法正确的是（   ）。","19世纪末20世纪初，世界进入资产阶级革命时代","1917年俄国十月革命的胜利开辟了世界无产阶级社会主义革命的新时代","十月革命给中国送来了马克思列宁主义，中国革命从此有了科学的指导思想","中国在革命取得胜利后，又经历了第二次世界大战后两大阵营的对立和斗争，西方国家不仅对中国实行持续的封锁禁运，还极力推行和平演变战略","","BCD","无","多选题"
"521","第一次国内革命战争时期，毛泽东以马克思列宁主义为指导，深入实际调查研究，在（   ）等著作中，分析了中国社会各阶级在革命中的地位和作用，强调无产阶级领导农民斗争在推翻反动政权、建立人民革命政权中的重大作用。","《中国社会各阶级的分析》","《湖南农民运动考察报告》","《论人民民主专政》","《论十大关系》","","AB","无","多选题"
"522","毛泽东在（   ）等著作中，提出并深入阐述了农村包围城市、武装夺取政权的思想，标志着毛泽东思想的初步形成。","《中国的红色政权为什么能够存在？》","《井冈山的斗争》","《星星之火，可以燎原》","《反对本本主义》","","ABCD","无","多选题"
"523","毛泽东思想作为马克思主义中国化时代化第一次历史性飞跃的理论成果，它（   ）。","以独创性的理论丰富和发展了马克思列宁主义","是被实践证明了的关于中国革命和建设的正确的理论原则和经验总结","中国共产党集体智慧的结晶","是毛泽东个人思想与实践的总结","","ABC","无","多选题"
"524","毛泽东思想的历史地位主要表现在它是（   ）。","马克思主义中国化时代化的第一个重大理论成果","中国革命和建设的科学指南","中国共产党和中国人民宝贵的精神财富","中国特色社会主义理论体系的开篇之作","","ABC","无","多选题"
"525","毛泽东提出人民军队政治工作实行（   ）的原则。","军政一致","官兵一致","军民一致","瓦解敌军","","BCD","无","多选题"
"526","当代大学生要深刻认识马克思主义中国化时代化理论成果的时代意义、理论意义、世界意义，深刻认识中国化时代化马克思主义既一脉相承又与时俱进的理论品质，系统把握马克思主义中国化时代化理论成果所蕴含的马克思主义立场、观点和方法，坚定中国特色社会主义（    ）。","道路自信","理论自信","文化自信","制度自信","","ABCD","无","多选题"
"527","关于""三湾改编""，下列说法正确的是（   ）。","创造性地将支部建在连上","选举产生了新的红四军前敌委员会","组织上确立了党对军队的领导","是建设无产阶级领导的新型人民军队的重要开端","","ACD","无","多选题"
"528","中华优秀传统文化源远流长、博大精深，是中华文明的智慧结晶，其中蕴含的（    ）等，是中国人民在长期生产生活中积累的宇宙观、天下观、社会观、道德观的重要体现，同科学社会主义价值观主张具有高度契合性。","天下为公","任人唯贤","讲信修睦","民为邦本","","ABCD","无","多选题"
"529","毛泽东追求和倡导的（   ）等，依然是中国人民不断奋进的强大精神动力。","敢闯敢干的担当精神","实事求是的思想路线","全心全意为人民服务的根本宗旨","自力更生、艰苦奋斗的革命精神","","BCD","无","多选题"
"530","在社会主义制度建立以后，毛泽东领导全党和全国人民积极探索适合中国国情的社会主义建设道路，提出了一系列具有战略意义的正确思想和方针。其中包括（   ）。","人民内部要在政治上实行""团结-批评-团结""","在经济工作以及其他各项工作中实行""长期共存、互相监督""","在党与民主党派的关系上实行""统筹兼顾、适当安排""","在科学文化工作中实行""百花齐放、百家争鸣""","","AD","无","多选题"
"531","毛泽东将军队内部的民主生活概括为实行（   ）三大民主。","管理","经济","政治","军事","","BCD","无","多选题"
"532","解放战争和新中国成立以后，以毛泽东同志为主要代表的中国共产党人进一步提出了（   ），并对开辟适合中国国情的社会主义建设道路进行了艰辛探索。","根据地建设理论","正确处理人民内部矛盾的理论","社会主义改造理论","人民民主专政理论","","BCD","无","多选题"
"533","毛泽东在总结实践经验的基础上，提出了许多重要的政策和策略思想，包括（   ）等。","掌握斗争的各个方向，四面出击","在反动统治地区，把公开斗争和秘密斗争结合起来，在组织上采取隐蔽精干的方针","弱小的革命力量在变化着的主客观条件下能够最终战胜强大的反动力量","战略上要藐视敌人，战术上要重视敌人","","BCD","无","多选题"
"534","毛泽东指出，必须根据（   ）制定党的政策，把原则性和灵活性结合起来。","政治形势","阶级关系","实际情况及其变化","马克思主义经典著作","","ABC","无","多选题"
"535","独立自主，是（   ）。","坚持独立思考，走自己的路","中国共产党、中华人民共和国立党立国的重要原则","完全依靠自己的力量建设社会主义","我们党从中国实际出发、依靠党和人民力量进行革命、建设、改革的必然结论","","ABD","无","多选题"
"536","在社会主义建设中，毛泽东主张造成一个（   ），生动活泼，那样一种政治局面。","又有统一意志、又有个人心情舒畅","又有集中又有民主","又有法治又有德治","又有纪律又有自由","","ABD","无","多选题"
"537","毛泽东思想有多方面的丰富内容，除了关于新民主主义革命理论之外，还包括关于（   ）的理论。","思想政治工作和文化工作","政策和策略","党的建设","社会主义初级阶段","","ABC","无","多选题"
"538","毛泽东在（   ）著作中，运用马克思主义的认识论和辩证法，系统分析了党内""左""的和右的错误的思想根源。","《井冈山的斗争》","《实践论》","《矛盾论》","《星星之火，可以燎原》","","BC","无","多选题"
"539","解放战争时期和新中国成立以后，这一时期形成的关于社会主义革命和社会主义建设的重要思想，集中体现于毛泽东（   ）等著作中。","《论人民民主专政》","《在中国共产党第七届中央委员会第二次全体会议上的报告》","《关于正确处理人民内部矛盾的问题》","《论联合政府》","","ABC","无","多选题"
"540","毛泽东思想的活的灵魂三个基本方面是（   ）。","实事求是","群众路线","党的建设","独立自主","","ABD","无","多选题"
"541","中国共产党在推进马克思主义中国化时代化的历史进程中，产生了毛泽东思想和中国特色社会主义理论体系。这些理论成果之间既有不同点，又有共同点。共同点在于它们（    ）。","都是中国共产党集体智慧的结晶","都是对中国建设、改革经验的科学总结","都是马克思列宁主义在中国的运用和发展","都包含了中华民族的优秀思想","","ACD","无","多选题"
"542","党的十三届四中全会以后，以江泽民同志为主要代表的中国共产党人，团结带领全党全国各族人民，坚持党的基本理论、基本路线，加深了对（    ）的认识，形成了""三个代表""重要思想。","什么是社会主义、怎样建设社会主义","新形势下实现什么样的发展、怎样发展","建设什么样的党、怎样建设党","坚持和发展什么样的中国特色社会主义、怎样坚持和发展中国特色社会主义","","AC","无","多选题"
"543","2018年，十三届全国人大一次会议通过的宪法修正案把（    ）共同确立为国家指导思想。","马克思列宁主义","毛泽东思想、邓小平理论","""三个代表""重要思想、科学发展观","习近平新时代中国特色社会主义思想","","ABCD","无","多选题"
"544","在毛泽东思想的指导下，中国共产党团结带领中国人民，浴血奋战、百折不挠，创造了新民主主义革命的伟大成就，建立了人民当家作主的中华人民共和国，实现了民族独立、人民解放，彻底（    ）。","结束了旧中国半殖民地半封建社会的历史","结束了极少数剥削者统治广大劳动人民的历史","结束了旧中国一盘散沙的局面","废除了列强强加给中国的不平等条约和帝国主义在中国的一切特权","","ABCD","无","多选题"
"545","坚持马克思主义，最重要的是坚持马克思主义基本原理和贯穿其中的（    ），坚定不移坚持马克思主义指导地位，任何时候任何情况下都不动摇。","规律","立场","观点","方法","","BCD","无","多选题"
"546","马克思列宁主义揭示了人类社会历史发展的规律，是（    ）的科学真理，它的基本原理是正确的，具有强大的生命力。","解释世界","认识世界","改造世界","辨别世界","","BC","无","多选题"
"547","中国共产党和中国人民以英勇顽强的奋斗向世界庄严宣告（    ），高度概括党的百年风雨路。","中国人民从此站起来了，中华民族任人宰割、饱受欺凌的时代一去不复返了","中国人民不但善于破坏一个旧世界、也善于建设一个新世界，只有社会主义才能救中国，只有社会主义才能发展中国","改革开放是决定当代中国前途命运的关键一招，中国特色社会主义道路是指引中国发展繁荣的正确道路，中国大踏步赶上了时代","中华民族迎来了从站起来、富起来到强起来的伟大飞跃","","ABCD","无","多选题"
"548","为了实现中华民族伟大复兴，中国共产党团结带领中国人民（    ）。","创造了新民主主义革命的伟大成就","创造了社会主义革命和建设的伟大成就","创造了改革开放和社会主义现代化建设的伟大成就","创造了新时代中国特色社会主义的伟大成就","","ABCD","无","多选题"
"549","恩格斯指出：""马克思的整个世界观不是教义，而是方法。它提供的不是现成的教条，而是进一步研究的出发点和供这种研究使用的方法。""这句话对我们正确对待马克思主义具有重要的指导意义，那就是（    ）。","马克思主义作为科学真理，具有普遍的指导意义","马克思主义的具体运用需要根据各国的具体情况","要真正运用马克思主义来指导中国实际，必须实现马克思主义的中国化时代化","我们已经完成了马克思主义中国化时代化的历史任务","","ABC","无","多选题"
"550","实现马克思主义中国化时代化的根本途径是（    ）。","必须同马克思主义经典著作相结合","必须同中国具体实际相结合","必须同世界社会主义国家建设经验相结合","必须同中华优秀传统文化相结合","","BD","无","多选题"
"551","中国特色社会主义理论体系紧密结合新的时代条件，着重思考和回答（    ）等重大时代课题。","新时代坚持和发展什么样的中国特色社会主义、怎样坚持和发展中国特色社会主义","建设什么样的社会主义现代化强_x000D_
国、怎样建设社会主义现代化强国","建设什么样的长期执政的马克思主义政党、怎样建设长期执政的马克思主义政党","实现什么样的发展、怎样发展","","ABCD","无","多选题"
"552","培养理论思维，要原原本本学习和研读经典著作，（    ），带着思考学，带着问题学，做到学有所思、学有所悟、学有所得，不断提高自己的思想理论水平。","背原文","读原著","学原文","悟原理","","BCD","无","多选题"
"553","马克思主义是我们立党立国、兴党兴国的根本指导思想。党之所以能够领导人民在一次次求索、一次次挫折、一次次开拓中完成中国其他各种政治力量不可能完成的艰巨任务，根本在于坚持（    ）。","解放思想、实事求是、与时俱进、求真务实","把马克思主义基本原理同中国具体实际相结合、同中华优秀传统文化相结合","实践是检验真理的唯一标准","一切从实际出发，及时回答时代之问、人民之问，不断推进马克思主义中国化时代化","","ABCD","无","多选题"
"554","实事求是，是（   ）。","毛泽东思想的基本点","中国共产党的思想路线","马克思主义的根本观点","中国共产党人认识世界、改造世界的根本要求","","ABCD","无","多选题"
"555","以下关于马克思主义中国化时代化的论述，说法正确的是（    ）。","马克思主义中国化时代化就是要形成为人民所喜爱、所认同、所拥有的理论，使之成为指导人民认识世界和改造世界的强大思想武器","马克思主义中国化时代化就是要勇于进行理论探索和创新，以新的理论指导新的实践，以更加积极的历史担当和创造精神为发展马克思主义作出新的贡献，不断开辟马克思主义新境界","马克思主义中国化时代化是中国先进知识分子主观的选择","马克思主义中国化时代化就是要增强问题意识，坚持运用辩证唯物主义和历史唯物主义，从理论和实践的结合上深入回答关系党和国家事业发展、党治国理政的重大时代课题，不断提出真正解决问题的新理念新思路新办法","","ABD","无","多选题"
"556","在改革开放和社会主义现代化建设新时期，中国共产党从新的实践和时代特征出发坚持和发展马克思主义，科学回答了建设中国特色社会主义的（    ）、发展战略、政治保证、祖国统一、外交和国际战略、领导力量和依靠力量等一系列基本问题，形成中国特色社会主义理论体系。","发展道路","发展阶段","根本任务","发展动力","","ABCD","无","多选题"
"557","党的二十大报告指出，实践没有止境，理论创新也没有止境。不断谱写马克思主义中国化时代化新篇章，是当代中国共产党人的庄严历史责任。继续推进实践基础上的理论创新，首先要把握好习近平新时代中国特色社会主义思想的世界观和方法论，坚持好、运用好贯穿其中的立场观点方法。必须（    ）。","坚持人民至上，坚持自信自立","坚持守正创新，坚持问题导向","坚持系统观念，坚持胸怀天下","坚持不忘初心，坚持自我革命","","ABC","无","多选题"
"558","在习近平新时代中国特色社会主义思想的指导下，中国共产党团结带领中国人民，自信自强、守正创新，创造了新时代中国特色社会主义的伟大成就，包括（    ）。","全面建成小康社会目标如期实现","党和国家事业取得历史性成就、发生历史性变革","我国迈上全面建设社会主义现代化国家新征程","实现了从生产力相对落后的状况到经济总量跃居世界第二的历史性突破","","ABC","无","多选题"
"559","在改革开放和社会主义现代化建设新时期，中国共产党高举中国特色社会主义伟大旗帜，团结带领中国人民，解放思想、锐意进取，创造了改革开放和社会主义现代化建设的伟大成就，包括（    ）。","实现了人民生活从温饱不足到总体小康、奔向全面小康的历史性跨越","党和国家事业取得历史性成就、发生历史性变革","推进中华民族从站起来到富起来的伟大飞跃","为实现中华民族伟大复兴提供了更为完善的制度保证、更为坚实的物质基础、更为主动的精神力量","","AC","无","多选题"
"560","以下关于毛泽东思想和中国特色社会主义理论体系关系的论述，说法正确的是（    ）。","毛泽东思想所蕴含的马克思主义的立场、观点和方法，为中国特色社会主义理论体系提供了基本遵循","毛泽东思想和中国特色社会主义理论体系一脉相承又与时俱进","毛泽东思想进一步完善了中国特色社会主义理论体系","中国特色社会主义理论体系在新的历史条件下进一步丰富和发展了毛泽东思想","","ABD","无","多选题"
"561","毛泽东思想和中国特色社会主义理论体系都（    ）。","是马克思列宁主义在中国的运用和发展","实现了马克思主义中国化时代化新的飞跃","是党和国家必须长期坚持的指导思想","是全国各族人民团结奋斗的共同思想基础","","ACD","无","多选题"
"562","关于中国特色社会主义理论体系在新的历史条件下进一步丰富和发展了毛泽东思想，以下说法正确的是（    ）。","提出全面从严治党，推进党的建设新的伟大工程，以党的自我革命引领社会革命，丰富发展了毛泽东思想关于党的建设理论","提出走自己的路、建设中国特色社会主义，丰富发展了毛泽东思想关于社会主义""四个现代化""理论","提出中国正处于并将长期处于社会主义初级阶段，丰富发展了毛泽东思想关于中国社会主义发展阶段理论","提出中国式现代化，建设富强民主文明和谐美丽的社会主义现代化国家，丰富发展了毛泽东思想关于社会主义建设道路理论","","AC","无","多选题"
"563","中国共产党的历史，是一部（    ）。","不断推进马克思主义中国化时代化的历史","不断推进理论创新的历史","不断进行理论创造的历史","将马克思主义作为至理名言直接运用于中国的革命、建设和改革进程中的历史","","ABC","无","多选题"
"564","习近平总书记在党的二十大报告中，强调推进马克思主义中国化时代化是一个（    ）的过程。","发现真理","追求真理","揭示真理","笃行真理","","BCD","无","多选题"
"565","关于坚持马克思主义，以下说法正确的是（    ）。","坚持马克思主义，一定要有发展的观点","坚持马克思主义，一定要以基本原理为中心","坚持马克思主义，要着眼于对实际问题的理论思考","坚持马克思主义，要着眼于新的实践和新的发展","","ACD","无","多选题"
"566","我们必须坚持解放思想、实事求是、与时俱进、求真务实，一切从实际出发，着眼解决新时代改革开放和社会主义现代化建设的实际问题，不断回答（    ），作出符合中国实际和时代要求的正确回答，得出符合客观规律的科学认识，形成与时俱进的理论成果，更好指导中国实践。","世界之问","中国之问","时代之问","人民之问","","ABCD","无","多选题"
"567","新民主主义革命时期，党建立、巩固和发展统一战线的实践经验主要有（　）。","采取区别对待的方针","正确对待资产阶级，尤其是民族资产阶级","坚持独立自主的原则","建立巩固的工农联盟","","ABCD","无","多选题"
"568","邓小平指出：""我想有一点最重要，就是任何大党、中党、小党，都要相互尊重对方的选择和经验，对别的党、别的国家的事情不应该随便指手划脚。""因此，我国坚持以（ ）原则处理同各国共产党和其他政党的关系。","独立自主","完全平等","互相尊重","互不干涉内部事务","","ABCD","无","多选题"
"569","党的基层组织是党的全部工作和战斗力的基础。（ ）是组织建设的重要问题。","坚持和健全民主集中制","加强和改进党的基层组织建设","培养和选拔德才兼备的领导干部","纵深推进党风廉政建设","","ABC","无","多选题"
"570","1982年1月，邓小平在中共中央政治局扩大会议上讲话时提出干部队伍""（ ）""的方针，反复强调要选拔党性好、作风好、团结好，全心全意为人民服务的接班人。","革命化","年轻化","知识化","专业化","","ABCD","无","多选题"
"571","坚持反腐败斗争，是密切党同人民联系的重大问题。要充分认识这个斗争的（ ），把反腐败斗争摆在党风建设的突出位置。","紧迫性","长期性","艰巨性","反复性","","ABC","无","多选题"
"572","完善党内监督制度，把党内监督同（ ）结合起来，把自上而下和自下而上的监督结合起来，逐步形成强有力的监督体系。","群众监督","舆论监督","行政监督","民主党派和无党派人士的监督","","ABD","无","多选题"
"573","思想政治工作的一个重要任务，就是要引导人们分清（    ）。","正确与谬误","文明与愚昧","真善美与假恶丑","生动活泼与呆板晦涩","","ABC","无","多选题"
"574","面对世界范围各种思想文化的相互激荡，要求我们（   ）。","必须把弘扬和培育民族精神作为文化建设极为重要的任务，纳入国民教育全过程，纳入精神文明建设全过程","继承优秀传统文化，自觉抵制外来文化","将外来文化融入传统文化之中","使全体人民始终保持昂扬向上的精神状态","","AD","无","多选题"
"575","制定和贯彻党的方针政策，基本着眼点是（    ）。","要代表最广大人民的根本利益","正确反映和兼顾不同阶层、不同方面群众的利益","使全体人民朝着共同富裕的方向稳步前进","解决党长期执政条件下的各类问题","","ABC","无","多选题"
"576","弘扬爱国主义精神，要（    ），广泛开展群众性精神文明创建活动，引导人们树立中国特色社会主义共同理想，树立正确的世界观、人生观和价值观，建立与社会主义市场经济相适应、与社会主义法律规范相协调、与中华民族传统美德相承接的社会主义思想道德体系。","以为人民服务为核心","以集体主义为原则","以诚实守信为重点","加强社会公德、职业道德和家庭美德教育","","ABCD","无","多选题"
"577","发展先进文化，要把弘扬主旋律和提倡多样化统一起来，支持健康有益文化，努力改造落后文化，坚决抵制腐朽文化。大力倡导（    ）。","一切有利于发扬爱国主义、集体主义、社会主义的思想和精神","一切有利于改革开放和现代化建设的思想和精神","一切有利于民族团结、社会进步、人民幸福的思想和精神","一切用诚实劳动争取美好生活的思想和精神","","ABCD","无","多选题"
"578","新民主主义革命胜利后，毛泽东领导我们党，(   )，从理论和实践上解决了如何在中国这样一个占世界人口近1/4、经济文化落后的大国建立社会主义制度这一重大问题。","实行逐步改造生产资料私有制的具体政策","通过无产阶级专政","依据新民主主义革命胜利所创造的向社会主义过渡的经济政治条件","采取社会主义工业化和社会主义改造并举的方针","","ACD","无","多选题"
"579","新民主主义的政治纲领是推翻帝国主义和封建主义的统治，建立一个无产阶级领导的、以工农联盟为基础的、各革命阶级联合专政的新民主主义共和国，各革命阶级包括（　）。","小资产阶级","民族资产阶级","农民阶级","工人阶级","","ABCD","无","多选题"
"580","毛泽东提出，在思想政治工作方面，要实行（   ）的方针。","""团结-批评-团结""","政治和经济的统一","政治和技术的统一","又红又专","","BCD","无","多选题"
"581","毛泽东指出，中国共产党在中国革命中战胜敌人的""三大法宝""是（　）。","群众路线","统一战争","武装斗争","党的建设","","BCD","无","多选题"
"582","近代中国压在人民头上的三座大山分别是（　）。","小资产阶级","封建主义","帝国主义","官僚资本主义","","BCD","无","多选题"
"583","中国走农村包围城市、武装夺取政权道路的现实可能性是（　）。","近代中国是半殖民地国家，社会政治经济发展极端不平衡，存在不少的统治薄弱环节，为党在农村开展革命斗争、建设革命根据地提供了缝隙和可能","人民革命愿望强烈，加之经历过大革命的洗礼，革命的群众基础好","全国革命形势继续向前发展，为在农村建设革命根据地提供了客观条件","相当力量正式红军的存在，为农村革命根据地的创立、巩固和发展提供了坚强后盾","","ABCD","无","多选题"
"584","近代中国国情，以下说法正确的是（　）。","帝国主义列强通过政治的、经济的和文化的侵略，使中国半殖民地化","帝国主义的侵略在一定程度上促使封建社会自给自足的自然经济解体，在客观上为中国资本主义的发展创造了一定条件，使中国可能发展成为资本主义国家","近代中国保留着形式上的独立，实际上已经受制于帝国主义列强，丧失了真正独立的地位","在半殖民地半封建的近代中国，社会矛盾呈现出错综复杂的状况","","ACD","无","多选题"
"585","下列属于新民主主义经济纲领的内容有（　）。","保护民族工商业","没收社会一切财富归新民主主义国家所有","没收官僚资产阶级的垄断资本归新民主主义的国家所有","没收封建地主阶级的土地归农民所有","","ACD","无","多选题"
"586","近代中国社会的性质和主要矛盾,决定了中国革命的主要敌人是（　）。","民族资产阶级","帝国主义","官僚资本主义","封建主义","","BCD","无","多选题"
"587","下列关于土地革命、武装斗争和农村革命根据地建设三者之间的关系论述正确的是（　）。","土地革命是中国革命的主要形式","三者密切结合、有机统一","农村革命根据地是中国革命的战略阵地，是进行武装斗争和开展土地革命的依托","武装斗争是农村根据地建设和土地革命的强有力保证","","BCD","无","多选题"
"588","关于新民主主义革命理论的意义，说法正确的是（　）。","揭示了近代中国革命发展的客观规律，解决了中国革命的一系列理论问题，科学地回答了中国革命向何处去的问题","是对中国革命实践经验的概括和总结，是中国共产党集体智慧的结晶","为中国特色社会主义发展奠定基础","是马克思主义中国化时代化的重要理论成果，开辟了马克思主义中国化时代化的发展道路","","ABD","无","多选题"
"589","中国革命走农村包围城市、武装夺取政权的革命道路的理论意义是（　）。","独创性地发展了马克思列宁主义","对于推进马克思主义中国化时代化具有重要的方法论意义","运用马克思主义的立场、观点和方法，分析、研究和解决中国革命具体问题的光辉典范","对中国革命客观规律的反映，指导一切革命取得胜利的正确理论","","ABC","无","多选题"
"590","新民主主义革命理论是马克思主义中国化时代化的重要理论成果，极大地丰富了马克思主义的理论宝库，体现在它（　）。","科学地回答了中国革命向何处去的问题","正确解答了中国革命的发展阶段问题","揭示了近代中国革命发展的客观规律，解决了中国革命的一系列理论问题","为当代中国一切发展进步奠定了根本政治前提","","ABC","无","多选题"
"591","""两参一改三结合""即主张企业要建立合理的规章制度和严格的责任制，要实行民主管理，实行（   ），工人群众、领导干部和技术人员三结合。","干部参加劳动，工人参加管理","改革不合理的规章制度","妇女参加劳动，工人代表参加管理","改革国企规章制度","","AB","无","多选题"
"592","中国共产党领导的武装斗争，实质上是无产阶级领导下的农民战争，这是因为（　）。","农民是近代中国最进步的阶级","农民深受帝国主义、封建主义和官僚资本主义的压迫和剥削，具有强烈的反帝反封建的革命要求","农民问题是中国革命的基本问题，农民是中国革命的主力军","工人阶级只有与农民阶级结成巩固的联盟，才能形成强大的力量，才能完成反帝反封建的革命任务","","BCD","无","多选题"
"593","全心全意为人民服务，是我们党（   ）。","区别于其他一切政党的根本标志","全部理论和实践的立足点","一切行动的根本落脚点","一切行动的根本出发点","","ACD","无","多选题"
"594","中国新民主主义革命与旧民主主义革命相比有其新的内容和特点，主要表现在（　）。","革命的指导思想是马克思列宁主义","是世界无产阶级社会主义革命的一部分","革命的领导力量是中国无产阶级及其先锋队","革命的前途是社会主义而不是资本主义","","ABCD","无","多选题"
"595","毛泽东指出，（   ）是中国共产党区别于其他任何政党的显著标志。","和人民群众紧密地联系在一起的作风","经常开展思想政治教育","自我批评的作风","理论和实践相结合的作风","","ACD","无","多选题"
"596","新民主主义革命理论的基本点是（   ）。","认为由于帝国主义的侵略，加之中国没有资产阶级民主，因此中国革命只能以长期的武装斗争为主要形式","社会主义工业化和社会主义改造并举","认为中国资产阶级有两个部分","认为无产阶级在资产阶级民主革命中是追随者","","AC","无","多选题"
"597","怎样科学评价毛泽东和毛泽东思想的问题，关系到怎样看待党百年奋斗和前进的历史，关系到党的团结、国家的安定，也关系到党和国家未来的发展前途。下列关于毛泽东思想的评价正确的有（   ）。","是马克思主义中国化时代化第一次历史性飞跃的理论成果","是党必须长期坚持的指导思想","为中国特色社会主义理论体系的形成奠定了理论基础","是我们全党、全军、全国各族人民的最宝贵的精神财富","","ABCD","无","多选题"
"598","在毛泽东思想的成熟时期，毛泽东详细论述了（   ）的基本规律和内在联系，为新民主主义革命的胜利找到了正确方法。","实事求是","党的建设","统一战线","武装斗争","","BCD","无","多选题"
"599","关于遵义会议的历史意义，下列说法正确的是（   ）。","事实上确立了毛泽东同志在党中央和红军的领导地位","在最危急关头挽救了党、挽救了红军、挽救了中国革命","开始形成以毛泽东同志为核心的党的第一代中央领导集体","开启了党独立自主解决中国革命实际问题的新阶段","","ABCD","无","多选题"
"600","毛泽东（   ），创立了无产阶级领导的，工农联盟为基础的，人民大众的，反对帝国主义、封建主义和官僚资本主义的新民主主义革命理论。","发展了马克思列宁主义关于无产阶级在民主革命中的领导权思想","从中国的历史和现实出发","深刻研究中国革命的特点和规律","丰富和发展了马克思列宁主义的阶级斗争学说","","ABC","无","多选题"
"601","土地革命战争时期，以毛泽东同志为主要代表的中国共产党人，在探索中国革命新道路的具体实践中，在同党内一度盛行的把（   ）的错误倾向的斗争中，逐步开辟了农村包围城市、武装夺取政权的革命道路。","苏联经验神圣化","马克思主义民族化","马克思主义教条化","共产国际决议神圣化","","ACD","无","多选题"
"602","毛泽东提出，关于发展民族的、科学的、大众的文化，要实行百花齐放、百家争鸣和（   ）的方针。","推陈出新","统筹兼顾","洋为中用","古为今用","","ACD","无","多选题"
"603","经过（   ），实事求是的思想路线在全党得到了确立。","延安整风","党的七大","党的八大","党的六大","","AB","无","多选题"
"604","对""实事求是""表述正确的是（   ）。","就要清醒认识和正确把握我国基本国情","就要深入实际了解事物的本来面貌，把握事物内在必然联系，按照客观规律办事","就要不断推进实践基础上的理论创新","是我们党的基本思想方法、工作方法、领导方法","","ABCD","无","多选题"
"605","坚持独立自主，就要坚持独立自主的和平外交政策，坚定不移走和平发展道路。以下说法正确的是（   ）。","中国尊重各国人民自主选择发展道路的权利，维护国际公平正义","中国主张以和平方式解决国际争端，反对各种形式的霸权主义和强权政治","中国反对把自己的意志强加于人，反对干涉别国内政，反对以强凌弱","中国无论发展到什么程度都永远不称霸，永远不搞扩张","","ABCD","无","多选题"
"606","在毛泽东思想指引下，我们党领导全国人民，找到了一条（   ）道路。","新民主主义革命的正确道路","从新民主主义向社会主义过渡的道路","实现中国式现代化的正确道路","中国特色社会主义发展道路","","AB","无","多选题"
"607","关于毛泽东思想中党的建设理论，说法正确的是（   ）。","创造性地解决了在中国这种特殊的社会历史条件下建设马克思主义政党的一系列重大问题","为马克思主义建党理论增添了新的内容","是反映新民主主义革命客观规律的完备的理论形态","为把中国共产党建设成为用科学理论和革命精神武装起来的、同人民群众有着血肉联系的、思想上政治上组织上完全巩固的马克思主义政党指明了正确的方向","","ABD","无","多选题"
"608","贯穿于毛泽东思想科学体系中的（   ）是最能体现毛泽东思想理论本质特点的思想内容，属于哲学层面的概括和总结。","经典语录","立场","方法","观点","","BCD","无","多选题"
"609","关于毛泽东思想的话语表达，说法正确的有（   ）。","做到了理论的通俗化，以通俗的言语解释深刻道理","在表达方式上具有鲜明的民族特色","主张马克思主义一定要""和民族的特点相结合，经过一定的民族形式""表现出来","为广大人民群众所喜闻乐见","","ABCD","无","多选题"
"610","坚持群众路线，就要坚持人民是推动历史发展的根本力量。毛泽东指出：""人民，只有人民，才是创造世界历史的动力。""必须（   ）。","尊重人民首创精神","充分尊重人民所表达的意愿、所创造的经验、所拥有的权利、所发挥的作用","调动最广大人民的积极性、主动性、创造性","充分发挥工人阶级的历史主体作用","","ABC","无","多选题"
"611","在社会主义建设中，毛泽东要求处理好（   ）等各种关系，处理好积累和消费的关系，注意综合平衡。","大型企业和中小企业","汉族和少数民族","自力更生和学习外国","经济建设和国防建设","","ABCD","无","多选题"
"612","毛泽东思想在（   ）等方面，以独创性的理论丰富和发展了马克思列宁主义。","中国特色社会主义外交和国际战略","军队和国防建设","政策和策略","思想政治工作和文化工作","","BCD","无","多选题"
"613","关于实事求是的思想路线的确立，以下说法正确的是（   ）。","1930年，毛泽东在《论人民民主专政》中强调调查研究是一切工作的第一步，提出了""没有调查，没有发言权""的著名论断","1937年，毛泽东在《实践论》和《矛盾论》等著作中，深刻阐述了理论对于实践的依赖关系，以及矛盾的普遍性和特殊性的关系，对党的思想路线作了系统的哲学论证","1938年，毛泽东在党的六届六中全会上，借用我国传统文化中的""实事求是""命题，来提倡马克思主义同中国实际相结合的科学态度","经过党的七届六中全会，实事求是的思想路线在全党得到了确立","","BC","无","多选题"
"614","新民主主义革命理论中，认为中国资产阶级有两个部分，分别是（   ）。","依附于帝国主义的民族资产阶级","依附于帝国主义的大资产阶级","既有革命要求又有动摇性的大资产阶级","既有革命要求又有动摇性的民族资产阶级","","BD","无","多选题"
"615","毛泽东提出的把（   ）互相结合起来就是人民民主专政的理论，丰富了马克思列宁主义关于无产阶级专政的学说。","对人民内部的民主","对无产阶级的民主","对敌人的专政","对资产阶级的专政","","AC","无","多选题"
"616","在新中国成立以后，他提出必须（   ）的重要指导思想。这些都是毛泽东对马克思列宁主义军事理论极为杰出的贡献。","解放军陆军集团军番号对外公开使用，不再以""某集团军""替代","加强国防","建设包括海军、空军以及其他技术兵种在内的现代化革命武装力量","发展包括用以自卫的核武器等现代化国防技术","","BCD","无","多选题"
"617","关于毛泽东思想中革命军队建设和军事战略的理论，说法正确的是（   ）。","毛泽东系统地提出了建设人民军队的思想","毛泽东把阵地战提到了战略的地位","毛泽东在解放战争中总结出著名的十大军事原则","毛泽东提出了以人民军队为骨干，依靠广大人民群众，建立农村根据地，进行人民战争的思想","","ACD","无","多选题"
"618","毛泽东提出，对敌人要区别对待、分化瓦解，实行（   ）的策略，并做到有理、有利、有节。","利用矛盾","各个击破","争取多数、反对少数","团结关键人物","","ABC","无","多选题"
"619","群众路线是（   ）。","教育和引导群众的路线","我们党永葆青春活力和战斗力的重要传家宝","我们党的生命线","我们党的根本工作路线","","BCD","无","多选题"
"620","改革的根本目的，就是要在各方面都形成与社会主义初级阶段基本国情相适应的比较成熟、比较定型的制度，（    ）。","使社会矛盾得到根本化解","使生产关系适应生产力的发展","使上层建筑适应经济基础的发展","使中国特色社会主义充满生机和活力","","BCD","无","多选题"
"621","（    ），是我们党同一切剥削阶级政党的根本区别。","全心全意为人民服务","立党为公","全民民主","执政为民","","ABD","无","多选题"
"622","改革越深入，越要正确认识和处理各种利益关系，把（    ）正确地统一和结合起来。","个人利益与集体利益","局部利益与整体利益","当前利益与长远利益","社会利益和经济利益","","ABC","无","多选题"
"623","江泽民指出，建设有中国特色社会主义，是（    ）。","人民、社会、国家全面发展的进程","经济、政治、文化全面发展的进程","经济利益、社会利益、国家利益全面协调的过程","物质文明、政治文明和精神文明全面建设的进程","","BD","无","多选题"
"624","在党的十六大报告中，江泽民同志把社会主义（    ）一起确立为社会主义现代化全面发展的三大基本目标。","物质文明","政治文明","精神文明","生态文明","","ABC","无","多选题"
"625","江泽民提出（    ）、保持稳定的基本方针，领导我们制定和实施了促进改革发展稳定的一系列方针政策和重大战略。","抓住机遇","深化改革","扩大开放","促进发展","","ABCD","无","多选题"
"626","1998年11月，中共中央决定开展以""（  ）""为主要内容的""三讲""教育。","讲公正","讲学习","讲政治","讲正气","","BCD","无","多选题"
"627","发展社会主义先进文化，必须弘扬民族精神。在五千多年的发展中，中华民族形成了以爱国主义为核心的（     ）的伟大民族精神。","勤劳勇敢","团结统一","自强不息","爱好和平","","ABCD","无","多选题"
"628","公有制的主体地位主要体现在（   ）。","公有资产在社会总资产中占优势","可以提高企业和资本的运作效率","国有经济控制国民经济命脉，对经济发展起主导作用","进口商品和生产要素在全国市场自由流动","","AC","无","多选题"
"629","建设社会主义政治文明，（    ）。","是我国改革开放和社会主义现代化建设发展的必然要求","是我们党领导人民坚持和发展人民民主长期实践的必然结论","进一步深化了我们党对中国特色社会主义事业的规律性认识","注重加强经济社会发展的薄弱环节，实现发展的均衡和协调","","ABC","无","多选题"
"630","""三个代表""重要思想赋予了（    ）以鲜明的时代内容和时代特征。","党的建设","党的宗旨","党的任务","党的指导思想","","BCD","无","多选题"
"631","随着改革开放的深入和社会主义市场经济的发展，物质利益的多样化是不可避免的，群众产生不同的利益要求也是不可避免的。我们所有的政策措施和工作，都应该（    ）。","正确反映并有利于经济效益的最大化","正确反映并有利于妥善处理各种利益关系","认真考虑和兼顾不同阶层、不同方面群众的利益","认真考虑和兼顾是否符合经济发展的根本需求","","BC","无","多选题"
"632","江泽民指出，发展是硬道理，中国解决所有问题的关键在于依靠自己的发展。（    ），都要靠发展。","实现全面建设小康社会的宏伟目标","增强我国的综合国力","实现祖国的完全统一","促进世界和平与发展的崇高事业","","ABCD","无","多选题"
"633","依法治国，建设社会主义法治国家是建设中国特色社会主义的重要目标。依法治国是（    ）。","社会文明进步的重要标志","国家长治久安的重要保障","发展社会主义市场经济的客观需要","党领导人民治理国家的基本方略","","ABCD","无","多选题"
"634","建设社会主义政治文明，必须推进决策的科学化民主化。要改革和完善决策机制，健全（    ）的决策机制，推进决策科学化民主化。","深入了解民情","充分反映民意","广泛集中民智","切实珍惜民力","","ABCD","无","多选题"
"635","要根据自己的国情把集体人权和个人人权，（    ）统一起来加以推进。","经济","社会","文化权利","公民政治权利","","ABCD","无","多选题"
"636","发展生产力要依靠创新。只有大力推进（    ），才能实现技术的跨越式发展。","体制创新","制度创新","科技创新","知识创新","","CD","无","多选题"
"637","推进党的建设新的伟大工程要求我们，一定要把（    ）有机结合起来，把制度建设贯穿其中。","思想建设","队伍建设","组织建设","作风建设","","ACD","无","多选题"
"638","江泽民同志强调推进党的建设新的伟大工程，重点是加强党的执政能力建设，不断提高(    )、总揽全局的能力。","驾驭市场经济的能力","应对复杂局面的能力","依法执政的能力","科学判断形势的能力","","ABCD","无","多选题"
"639","江泽民指出，坚持正确的用人导向，要按照（    ）方针，建设一支能够担当重任、经得起风浪考验的高素质的领导干部队伍，是党和国家长治久安的根本大计。","革命化","年轻化","知识化","专业化","","ABCD","无","多选题"
"640","我国加入世界贸易组织的原则包括（    ）。","中国加入世界贸易组织是中国经济发展和改革开放的需要，同样世界贸易组织也需要中国","中国是一个发展中国家，社会生产力还不发达，只能以发展中国家的条件加入世界贸易组织","中国加入世界贸易组织，权利和义务一定要平衡，中国不会接受过高的、超出中国承受能力的要价","中国加入世界贸易组织，必须牢牢把握在组织中对全球市场的主导权","","ABC","无","多选题"
"641","加强国家创新体系建设，要抓住那些对我国经济、科技、国防和社会发展具有（   ）作用的重大科技课题。","推动性","基础性","战略性","关键性","","BCD","无","多选题"
"642","建设社会主义政治文明涉及（    ）等方面，是一个系统工程。","政治思想","政治制度","行政管理","法制建设","","ABCD","无","多选题"
"643","建立社会主义市场经济体制要完善适应社会主义市场经济体制的分配关系，（    ），规范分配秩序，合理调节少数垄断性行业的过高收入，取缔非法收入。","既要提倡奉献精神，又要落实分配政策","既要反对平均主义，又要防止收入悬殊","初次分配注重效率，发挥市场的作用，鼓励一部分人通过诚实劳动、合法经营先富起来","再分配注重公平，加强政府对收入分配的调节职能，调节差距过大的收入","","ABCD","无","多选题"
"644","在探索社会主义建设道路过程中，关于经济建设，毛泽东多次阐述了统筹兼顾的方针，强调（　　）。","既要顾全大局，突出重点，也要统筹兼顾，全面安排、综合平衡","引进外国的先进技术、设备和资金，学习资本主义国家先进的科学技术和管理经验","正确处理国家、集体与个人的关系，生产两大部类的关系，中央与地方的关系，积累与消费的关系，长远利益与当前利益的关系","在自力更生的基础上积极争取外援，开展与外国的经验交流","","ABCD","无","多选题"
"645","在党的十五大报告中初步勾画的实现第三步战略目标的蓝图是（    ）。","人民生活总体上达到小康水平","21世纪第一个十年实现国民生产总值比2000年翻一番，使人民的小康生活更加宽裕，形成比较完善的社会主义市场经济体制","到建党一百年时，使国民经济更加发展，各项制度更加完善","到21世纪中叶新中国成立一百年时，基本实现现代化，建成富强民主文明的社会主义国家","","BCD","无","多选题"
"646","广大（    ）始终是推动我国先进生产力发展和社会全面进步的根本力量。","工人","农民","民营企业家","知识分子","","ABD","无","多选题"
"647","党的基本路线高度概括了党在社会主义初级阶段的（ ）以及实现这一目标的基本方针。","奋斗目标","领导力量和依靠力量","基本途径","根本保证","","ABCD","无","多选题"
"648","""一国两制""伟大构想（ ）。","把和平共处的原则用之于解决一个国家的统一问题","是中国的一个伟大创举","是对马克思主义国家学说的创造性发展","既体现了坚持祖国统一、维护国家主权的原则性，又体现了照顾历史实际和现实可能的灵活性","","ABCD","无","多选题"
"649","社会主义初级阶段的科学含义是（ ）。","我国社会已经是社会主义社会","初级阶段的社会主义是过渡时期的社会","初级阶段的社会主义即高级的新民主主义社会","我国的社会主义社会还处在初级阶段","","AD","无","多选题"
"650","邓小平反复强调，""基本路线要管一百年，动摇不得""。坚持党的基本路线，就要做到（ ）。","正确处理改革开放和四项基本原则的关系","必须把坚持四项基本原则同坚持改革开放结合起来","必须紧紧围绕经济建设这一中心","坚持把以经济建设为中心同四项基本原则、改革开放这两个基本点在实践中统一起来","","ABCD","无","多选题"
"651","我国实行的对外开放包括（ ）。","对发达国家的开放","对发展中国家的开放","经济领域的开放","科技、教育、文化等领域的开放","","ABCD","无","多选题"
"652","关于""三步走""的发展战略，以下说法正确的是（ ）。","到1990年，实现国民生产总值比1980年翻一番，解决人民的温饱问题","到21世纪中叶，使国民生产总值再增长一倍，人民生活达到小康水平","到21世纪中叶，人均国民生产总值达到中等发达国家水平，人民生活比较富裕，基本实现现代化。然后，在这个基础上继续前进","到20世纪末，建成富强、民主、文明的社会主义国家","","AC","无","多选题"
"653","社会主义初级阶段理论基于对中国国情的准确把握，（ ）。","揭示了当代中国的历史方位","为建设中国特色社会主义提供了总依据","是对马克思主义关于社会主义发展阶段理论的重大发展和重大突破","是邓小平理论的活的灵魂","","ABC","无","多选题"
"654","邓小平理论是（ ）。","中国特色社会主义理论体系的开篇之作","中国共产党和中国人民宝贵的精神财富","中国革命、建设的科学指南","党和国家必须长期坚持的指导思想","","ABD","无","多选题"
"655","属于邓小平理论中""两手抓""思想的是（ ）。","""一手抓建设，一手抓法制""","""一手抓改革开放，一手抓惩治腐败""","""一手抓物质文明，一手抓精神文明""","""一手抓生态文明，一手抓经济建设""","","ABC","无","多选题"
"656","关于邓小平理论的历史地位，下列说法正确的是（ ）。","科学回答了建设中国特色社会主义的一系列基本问题，成功开创了中国特色社会主义","在邓小平理论指导下，改革开放后的中国迎来了思想的解放、经济的发展、政治的昌明、教育的勃兴、文艺的繁荣、科学的春天","是指导中国人民建设中国特色社会主义、保证中国在改革开放中实现国家繁荣富强和人民共同富裕的系统的科学理论","是指引中国共产党和国家新世纪伟大进军的行动指南","","ABC","无","多选题"
"657","江泽民同志强调，我们想事情，做工作，想得对不对，做得好不好，根本的衡量尺度，就是（   ）。","人民拥护不拥护","人民赞成不赞成","人民高兴不高兴","人民答应不答应","","ABCD","无","多选题"
"658","习近平总书记在纪念邓小平同志诞辰110周年座谈会上的讲话中指出：""邓小平同志之所以能够为祖国和人民建立彪炳史册的功勋，就在于他（ ），紧紧依靠党和人民建立了前所未有的历史性伟业。""","看清了世界和中国的发展大势","深刻分析中国社会形态和阶级状况","深刻了解中国人民和中华民族的深沉愿望","把握住中国发展的历史规律","","ACD","无","多选题"
"659","江泽民深刻指出，要不断丰富对外开放的形式和内容，不断提高对外开放的质量和水平，继续推进（    ）的对外开放。","全方位","多层次","宽领域","多维度","","ABC","无","多选题"
"660","江泽民同志指出：""不断提高（    ）以及全体人民的思想道德素质和科学文化素质，不断提高他们的劳动技能和创造才能，充分发挥他们的积极性、主动性、创造性，始终是我们党代表中国先进生产力发展要求必须履行的第一要务。""","工人","农民","知识分子","其他劳动群众","","ABCD","无","多选题"
"661","""三个代表""重要思想的核心观点包括（ ）。","始终代表中国先进文化的发展要求","始终代表中国先进生产力的发展要求","始终代表中国先进文化的前进方向","始终代表中国最广大人民的根本利益","","BCD","无","多选题"
"662","""三个代表""重要思想指出，要紧紧抓住（    ）三个环节，大力实施人才战略，加强人才队伍建设。","培养人才","吸引人才","用好人才","服务人才","","ABC","无","多选题"
"663","发展先进文化，就是发展（    ），民族的科学的大众的社会主义文化。","面向现代化","面向世界","面向未来的","面向人民的","","ABC","无","多选题"
"664","""三个代表""重要思想是中国特色社会主义理论体系的重要组成部分，是我们党的(    )。","建党之本","立党之本","执政之基","力量之源","","BCD","无","多选题"
"665","""三个代表""重要思想提出，思想工作切忌（    ）。","形式主义","教条主义","简单生硬","纯洁自律","","ABC","无","多选题"
"666","发展先进文化，必须大力推进文化体制改革。要按照（    ）的方针，健全文化市场体系和文化市场管理机制。","一手抓战略","一手抓繁荣","一手抓管理","一手抓督导","","BC","无","多选题"
"667","从根本上说，政治问题主要是（    ）。","对人民群众的态度问题","与同志的团结合作问题","对敌人的斗争方法问题","同人民群众的关系问题","","AD","无","多选题"
"668","（    ），我们党就能获得取之不尽的力量源泉。","一切为了群众","一切相信群众","一切依靠群众","一切支持群众","","ABC","无","多选题"
"669","建立社会主义市场经济体制，必须做到（  ）。","毫不动摇地巩固和发展公有制经济","毫不动摇地鼓励、支持和引导非公有制经济发展","发挥市场机制的作用和国家宏观调控","坚持和完善公有制为主体、多种所有制经济共同发展的社会主义基本经济制度","","ABCD","无","多选题"
"670","""三个代表""重要思想强调，任何时候都必须坚持（    ）的一致性。","尊重社会发展规律与尊重人民历史主体地位","为崇高理想奋斗与为最广大人民谋利益","完成党的各项工作与实现人民利益","符合各阶层人民的根本利益与社会发展程度","","ABC","无","多选题"
"671","邓小平开创性地提出了社会主义本质、（ ）等一系列具有浓厚中国特色的新概念新范畴，建构了中国特色社会主义理论的基本框架。","社会主义初级阶段","党的基本路线","改革开放","""一国两制""","","ABCD","无","多选题"
"672","保持和发展党的先进性，必须顺应时代的发展和人民的要求，自觉、主动、持续地推进党的先进性建设，认真解决党员和党组织在思想、组织、作风以及工作方面存在的突出问题，使各级党组织不断提高（  ），始终发挥领导核心作用和战斗堡垒作用。","创造力","感知力","凝聚力","战斗力","","ACD","无","多选题"
"673","""三个代表""重要思想从新的高度提出必须不断改进党的（    ）。","领导方式","执政方式","组织方式","思维方式","","AB","无","多选题"
"674","（  ），共同构成社会主义核心价值体系的基本内容。","马克思主义指导思想","中国特色社会主义共同理想","以爱国主义为核心的民族精神和以改革创新为核心的时代精神","社会主义荣辱观","","ABCD","无","多选题"
"675","要建设社会主义核心价值体系，就要把社会主义核心价值体系（  ），让社会主义核心价值体系在全党全社会形成统一指导思想、共同理想信念、强大精神力量、基本道德规范。","融入国民教育、精神文明建设和党的建设全过程","贯穿改革开放和社会主义现代化建设各领域","体现到精神文化产品创作生产传播各方面","贯彻到我国内政外交各层面","","ABC","无","多选题"
"676","坚持不懈用中国特色社会主义理论体系武装全党、教育人民，要大力弘扬民族精神和时代精神，深入开展（  ）教育，丰富人民精神世界，增强人民精神力量。","爱国主义","集体主义","民族主义","社会主义","","ABD","无","多选题"
"677","坚持不懈用中国特色社会主义理论体系武装全党、教育人民，要加强（  ）教育，全面提高公民道德素质。","社会公德","职业道德","家庭美德","个人品德","","ABCD","无","多选题"
"678","只有（  ），文艺才能具有蓬勃的生命力，才能产生巨大的感召力。","与时代同步伐","踏准时代前进的鼓点","回应时代风云的激荡","领会时代精神的本质","","ABCD","无","多选题"
"679","中国共产党领导全体人民共同建设、共同享有的和谐社会，是（  ）协调发展的社会，是人与人、人与社会、人与自然整体和谐的社会。","经济建设、政治建设","文化建设、社会建设","生态文明建设","卫生建设、基础建设","","ABC","无","多选题"
"680","构建社会主义和谐社会的总要求是（  ）。","民主法治、公平正义","诚信友爱、充满活力","安定有序、人与自然和谐相处","风清气正、民风淳朴","","ABC","无","多选题"
"681","完善社会保障，要坚持（  ）方针，以增强公平性、适应流动性、保证可持续性为中点，全面建成覆盖城乡居民的社会保障体系。","全覆盖","保基本","多层次","可持续","","ABCD","无","多选题"
"682","我们党提出建设生态文明的重大战略部署，是（  ）。","对自然规律及人与自然关系再认识的重要成果","破解我国经济社会发展面临的资源环境瓶颈制约的必然选择","深入贯彻落实科学发展观、实现可持续发展的内在要求","推动经济发展、实现经济水平高速增长的指导方针","","ABC","无","多选题"
"683","实现（  ），是我国社会主义现代化建设的战略任务，也是加快形成新的经济发展方式、促进经济持续健康发展的重要动力。","工业化","信息化","城镇化","农业现代化","","ABCD","无","多选题"
"684","执政能力建设是党执政后的一项根本建设，要认真总结和运用党执政的成功经验，努力认识和把握执政规律，不断提高执政能力，使党的（  ）。","执政方略更加完善","执政体制更加健全","执政方式更加科学","执政基础更加巩固","","ABCD","无","多选题"
"685","科学发展观强调，要树立高度的文化自觉和文化自信、兴起社会主义文化建设新高潮，提高国家文化软实力，加快建设（  ）的社会主义文化强国。","与我国深厚文化底蕴和丰富文化资源相匹配","与我国独立自主和平外交方针相衔接","与中国特色社会主义事业总体布局相适应","与建设富强民主文明和谐的社会主义现代化国家的目标相承接","","ACD","无","多选题"
"686","要充分认识保持党的纯洁性的极端重要性和紧迫性，不断增强（  ），从而更好地肩负起党的历史使命。","党的意识","政治意识","危机意识","责任意识","","ABCD","无","多选题"
"687","我们党的（  ），为人民服务是党的根本宗旨，以人为本、执政为民是检验党一切执政活动的最高标准。","权力在人民","根基在人民","血脉在人民","力量在人民","","BCD","无","多选题"
"688","科学发展观坚持可持续发展，强调要实现经济发展与（  ）相协调，保证一代接一代地永续发展，体现了辩证唯物主义关于人与自然关系的思想。","国际","人口","资源","环境","","BCD","无","多选题"
"689","科学发展观最鲜明的精神实质是（  ）。","解放思想","实事求是","与时俱进","求真务实","","ABCD","无","多选题"
"690","科学发展观同邓小平理论、""三个代表""重要思想，在（  ）上一以贯之。","理论主题","思想基础","政治理想","根本立场","","ABCD","无","多选题"
"691","改革开放以来，党高度重视发展，先后提出了一系列关于发展问题的著名论断，这些著名论断包括（   ）。","发展才是硬道理，是解决中国一切问题的关键","树立全面、协调、可持续的发展观","发展是党执政兴国的第一要务","树立创新、协调、绿色、开放、共享的发展理念","","ABCD","无","多选题"
"692","科学发展观的基本要求是（   ）。","以人为本","全面发展","协调发展","可持续发展","","BCD","无","多选题"
"693","科学发展观提出统筹兼顾的根本要求，把发展看作是相互推进、系统协调的过程，强调（  ），使各个方面、各个环节协调一致地运转。","总揽全局","科学筹划","协调发展","兼顾各方","","ABCD","无","多选题"
"694","科学发展观着眼于中华民族的长远利益，以前瞻的眼光（  ），努力实现经济与社会、人与自然的良性互动。","创新发展模式","健全发展机制","提高发展质量","统筹世界变局","","ABC","无","多选题"
"695","关于科学发展观，下列说法正确的是（   ）。","胡锦涛在中央人口资源环境座谈会上第一次提出科学发展观","科学发展观是中国特色社会主义理论体系的重要组成部分","深入贯彻科学发展观要求我们切实加强改进党的建设","科学发展观要始终坚持以经济建设为中心","","BCD","无","多选题"
"696","胡锦涛同志在党的十八大上指出，要深入贯彻科学发展观，全党必须（   ）。","更加自觉地把推动经济社会发展作为深入贯彻落实科学发展观的第一要义","更加自觉地把以人为本作为深人贯彻落实科学发展观的核心立场","更加自觉地把全面协调可持续作为深人贯彻落实科学发展观的基本要求","更加自觉地把统筹兼顾作为深入贯彻落实科学发展观的根本方法","","ABCD","无","多选题"
"697","建设生态文明，要坚持节约资源和保护环境的基本国策，坚持（  ）为主的方针。","节约优先","保护优先","自然恢复","人工修复","","ABC","无","多选题"
"698","坚持可持续发展，要坚定走（  ）的文明发展道路。","生态安全","生产发展","生活富裕","生态良好","","BCD","无","多选题"
"699","江泽民在党的十五大报告中明确指出：""依法治国，就是广大人民群众在党的领导下，依照宪法和法律规定，通过各种途径和形式（      ），保证国家各项工作都依法进行，逐步实现社会主义民主的制度化、法律化，使这种制度和法律不因领导人的改变而改变，不因领导人看法和注意力的改变而改变。","管理国家事务","管理经济文化事业","管理社会事务","管理生态环境","","ABC","无","多选题"
"700","建立和完善社会保障体系，是建立社会主义市场经济体制的重要内容，要建立健全同经济发展水平相适应的社会保障体系，要完善（     ）。","城镇职工基本养老保险制度和基本医疗保险制度","失业保险制度","城市居民最低生活保障制度","国家公务员收入待遇保障制度","","ABC","无","多选题"
"701","""三个代表""重要思想所要回答和解决的正是（    ）的重大问题。","建设什么样的党","怎样建设党","什么是中国特色社会主义","怎样建设中国特色社会主义","","AB","无","多选题"
"702","坚持用（  ）解决前进中的问题，是改革开放以来我们党的一条重要经验。","发展的眼光","发展的思路","发展的经验","发展的办法","","ABD","无","多选题"
"703","（  ）是国家发展战略的核心，是提高综合国力的关键。","建设生态文明","建设高素质人才队伍","提高自主创新能力","建设创新型国家","","CD","无","多选题"
"704","坚定不移实施人才强国战略，坚持（  ），加快确立人才优先发展战略布局，加快人才发展体制机制改革和政策创新，形成激发人才创造活力、具有国际竞争力的人才制度优势，努力为人才发展营造良好环境。","尊重劳动","尊重知识","尊重人才","尊重创造","","ABCD","无","多选题"
"705","以人为本的""人""，是指人民群众，就是包括（  ）。","工人","农民","知识分子","其他社会各阶层人民","","ABCD","无","多选题"
"706","坚持以人为本，要自觉坚持党的群众路线，牢固树立（  ）和对党负责和对人民负责相一致的观点。","人民群众是历史创造者的观点","虚心向人民群众学习的观点","竭诚为最广大人民谋利益的观点","干部的权力是人民赋予的观点","","ABCD","无","多选题"
"707","坚持以人为本，就要（  ）。","坚持发展依靠人民，从人民群众的伟大创造中汲取智慧和力量","坚持发展为了人民，始终把最广大人民的根本利益放在第一位","坚持发展成果由人民共享，着力提高人民物质文化生活水平","坚持立党为公、执政为民，始终把最广大人民的根本利益作为我们一切工作的出发点和落脚点","","ABCD","无","多选题"
"708","坚持以人为本，要做到切实转变思想作风和工作作风，切实改进领导方式和工作方法，深入了解民情、充分反映民意、广泛集中民智，做到（  ）。","问政于民","问需于民","问计于民","问责于民","","ABC","无","多选题"
"709","要坚定不移走中国特色社会主义文化发展道路，坚持（  ），推动社会主义精神文明和物质文明全面发展，建设面向现代化、面向世界、面向未来的，民族的科学的大众的社会主义文化。","党对文化发展的决定性作用","为人民服务、为社会主义服务的方向","百花齐放、百家争鸣的方针","贴近实际、贴近生活、贴近群众的原则","","BCD","无","多选题"
"710","下列关于中国特色社会主义事业的总体布局的表述正确的有（  ）。","政治建设是方向和保障","文化建设是灵魂和血脉","经济建设是中心和基础","生态文明建设是根基和条件","","ABCD","无","多选题"
"711","20世纪70年代末，中国在改革的同时开始实行对外开放，并逐步把它作为一项长期坚持的基本国策。在推进全面深化改革中必须坚持扩大开放，这是因为（ ）。","越开放越发展，越发展越开放是世界历史的发展规律","一个国家要发展繁荣，必须把握和顺应全球经济的开放大势","中国的发展离不开世界，世界的繁荣也需要中国","对外开放是融入世界、促进自身快速发展的权宜之计","","ABC","无","多选题"
"712","全国各族人民是建设中国特色社会主义事业的主体，人民群众的（   ）的充分发挥是我们事业成功的保证。","积极性","主动性","创造性","领导性","","ABC","无","多选题"
"713","自主创新是（  ）。","科技发展的灵魂","一个民族发展的不竭动力","提升综合国力的决定力量","支撑国家崛起的筋骨","","ABD","无","多选题"
"714","科学发展观强调，推动城乡发展一体化，要坚持工业反哺农业、城市支持农村和多予少取放活方针，坚持走中国特色农业现代化道路，深入推进社会主义新农村建设，加快完善城乡发展一体化体制机制，形成（  ）的新型工农、城乡关系。","以工促农","以城带乡","工农互惠","城乡一体","","ABCD","无","多选题"
"715","坚持中国特色社会主义政治发展道路，最根本的是要坚持（  ）有机统一。","党的领导","改革开放","人民当家作主","依法治国","","ACD","无","多选题"
"716","人民代表大会制度、（  ），集中体现了我国社会主义民主政治的特点和优势，必须始终不渝地坚持、发展和完善。","按劳分配为主体的分配制度","中国共产党领导的多党合作和政治协商制度","民族区域自治制度","基层群众自治制度","","BCD","无","多选题"
"717","社会主义协商民主是中国共产党和中国人民在社会主义民主形式方面的伟大创造，是对马克思主义民主理论的丰富和发展，充分体现了社会主义民主的（  ）。","全民性","真实性","广泛性","包容性","","BCD","无","多选题"
"718","选举民主与协商民主相结合，是中国社会主义民主的一大特点，拓展了社会主义民主的深度和广度。要不断完善协商民主制度和工作机制，推进协商民主（  ）发展。","广泛","多层","制度化","一体化","","ABC","无","多选题"
"719","依法治国从（  ）保证人民当家作主，保证党的执政地位。","制度上","法律上","组织上","思想上","","AB","无","多选题"
"720","依法治国，关键是（  ）。","依法执政","依法行政","依法办事","公正司法","","ABCD","无","多选题"
"721","统一战线是凝聚各方面力量，促进（  ）和海内外同胞关系的和谐，夺取中国特色社会主义新胜利的重要法宝。","政党关系","民族关系","宗教关系","阶层关系","","ABCD","无","多选题"
"722","巩固和发展最广泛的爱国统一战线，要坚持充分尊重、广泛联系、（  ）的方针，鼓励和引导新的社会阶层人士为中国特色社会主义事业作出更大贡献。","统一领导","加强团结","热情帮助","积极引导","","BCD","无","多选题"
"723","坚持以人为本，要坚持发展成果由人民共享，就要把改革发展取得的各方面成果，体现在（  ）。","不断提升国家实力上","不断提高人民的生活质量和健康水平上","不断提高人民的思想道德素质和科学文化素质上","充分保证人民享有的经济、政治、文化、社会、生态等各方面权益上","","BCD","无","多选题"
"724","胡锦涛指出：我们清醒认识到，中国虽然取得了经济社会发展的巨大成就，但仍然是世界上最大的发展中国家，（    ）的基本国情没有改变，经济社会发展面临诸多突出矛盾和挑战。","人口多","底子薄","物产富饶","发展不平衡","","ABD","无","多选题"
"725","1992年，邓小平在南方谈话中对社会主义本质作了总结性理论概括：""社会主义的本质，是解放生产力，发展生产力，消灭剥削，消除两极分化，最终达到共同富裕。""这一论断的意义在于（ ）。","把对社会主义的认识提高到新的科学水平","廓清了不合乎时代进步和社会发展规律的模糊观念","摆脱了长期以来拘泥于具体模式而忽略社会主义本质的错误倾向","反映了人民的利益和时代的要求","","ABCD","无","多选题"
"726","20世纪80年代末90年代初，国际共产主义运动遭受重大挫折。中国共产党面临长期而又严峻的国际压力，（    ）的斗争将长期存在，并且异常尖锐、复杂。","渗透与反渗透","遏制与反遏制","分裂与反分裂","颠覆与反颠覆","","ABCD","无","多选题"
"727","20世纪80年代末90年代初，科技进步日新月异，以（    ）的综合国力竞争空前激烈。","改革为重点","经济为基础","科技为先导","创新为关键","","BC","无","多选题"
"728","在对冷战结束后国际局势进行科学判断的基础上，以江泽民同志为主要代表的中国共产党人明确提出了（    ）等重大论断，为我国迎头赶上时代潮流，在日益激烈的国际竞争中始终立于不败之地，实现社会生产力的跨越式发展奠定了思想基础。","和平与发展仍然是当今时代主题","科学技术已经成为先进生产力的集中体现和主要标志","社会主义仍然代表人类未来发展方向","应当把发展问题提到全人类的高度来认识","","ABC","无","多选题"
"729","进入21世纪，世界处在大发展大变革大调整之中。由于单纯追求经济增长，或者照搬别国发展模式，一些国家发展遇到了（    ）等问题。","经济结构失衡","政治动荡","能源资源紧张","生态环境恶化","","ABCD","无","多选题"
"730","2008年国际金融危机的爆发，充分暴露了资本主义制度的固有矛盾，暴露了世界经济增长模式的弊端。推动（    ）增长成为各国共同关注的重大问题。","螺旋式","强劲","可持续","平衡","","BCD","无","多选题"
"731","我国在社会主义建设初期走了不少弯路、犯了不少错误，其深层原因是（    ）。","经济上急于求成、盲目求纯和急于过渡","在政治上坚持以阶级斗争为纲","偏离了党的实事求是的思想路线","对什么是社会主义和如何建设社会主义的问题没有完全搞清楚","","CD","无","多选题"
"732","党的十八大以来，（    ）正以前所未有的方式展开，世界百年未有之大变局加速演进。","世界之变","时代之变","历史之变","人类之变","","ABC","无","多选题"
"733","当代中国正在经历人类历史上最为宏大而独特的实践创新，（    ）都前所未有，提出了大量亟待回答的理论和实践课题。","改革发展稳定任务之重","矛盾风险挑战之多","治国理政考验之大","世界百年未有之大变局深刻变化","","ABCD","无","多选题"
"734","20世纪80年代末90年代初，正值我们党的队伍进入整体性交接的关键时刻。（    ），是我们党必须解决好的历史性课题。","进一步提高党的领导水平和执政水平","进一步推进全面从严治党","提高自我革命意识","提高拒腐防变和抵御风险的能力","","AD","无","多选题"
"735","20世纪70年代，和平与发展成为时代主题，以改革（    ），逐渐成为世界各国人民的普遍愿望。","求和平","谋发展","促统一","促合作","","ABD","无","多选题"
"736","新世纪新阶段，我国进入（    ），经济社会发展呈现一系列新的阶段性特征。","发展关键期","改革攻坚期","开放活跃期","矛盾凸显期","","ABD","无","多选题"
"737","20世纪50年代中期至60年代中期，毛泽东提出两个""中间地带""战略思想。第一个""中间地带""包括（    ）。","大洋洲","亚洲","非洲","拉丁美洲","","BCD","无","多选题"
"738","中国特色社会主义新时代是承前启后、继往开来、在新的历史条件下继续夺取中国特色社会主义伟大胜利的时代，（    ）。","是决胜全面建成小康社会、进而全面建设社会主义现代化国家的时代","是全国各族人民团结奋斗、不断创造美好生活、逐步实现全体人民共同富裕的时代","是全体中华儿女勠力同心、奋力实现中华民族伟大复兴中国梦的时代","是我国不断为人类作出更大贡献的时代","","ABCD","无","多选题"
"739","中国特色社会主义进入新时代，意味着中国特色社会主义（    ）不断发展，拓展了发展中国家走向现代化的途径，给世界上那些既希望加快发展又希望保持自身独立性的国家和民族提供了全新选择，为解决人类问题贡献了中国智慧和中国方案。","道路","理论","制度","文化","","ABCD","无","多选题"
"740","以邓小平同志为主要代表的中国共产党人以巨大的政治勇气和理论勇气，（    ），吹响""走自己的路、建设有中国特色的社会主义""的时代号角。","重新确立实事求是的思想路线","科学评价毛泽东和毛泽东思想","彻底否定""以阶级斗争为纲""的错误理论和实践","作出把党和国家工作中心转移到经济建设上来、实行改革开放的历史性决策","","ABCD","无","多选题"
"741","以习近平同志为核心的党中央以伟大的历史主动精神、巨大的政治勇气、强烈的责任担当，统筹国内国际两个大局，统揽（    ），创立习近平新时代中国特色社会主义思想，明确坚持和发展中国特色社会主义的基本方略，提出一系列治国理政新理念新思想新战略，实现了马克思主义中国化时代化新的飞跃。","伟大斗争","伟大工程","伟大事业","伟大梦想","","ABCD","无","多选题"
"742","2002年5月，江泽民在中共中央党校省部级干部进修班毕业典礼上深刻阐述了 ""三个代表""重要思想的内在联系，提出""贯彻'三个代表'重要思想，（    ）""。","目标在坚持党的宗旨","关键在坚持与时俱进","核心在坚持党的先进性","本质在坚持执政为民","","BCD","无","多选题"
"743","随着改革开放和社会主义市场经济的发展，我国社会生活发生了广泛而深刻的变化，（    ）、利益关系和分配方式日益多样化。","社会经济成分","基本国情","组织形式","就业方式","","ACD","无","多选题"
"744","党的十三届四中全会以后，我们党在建设中国特色社会主义的伟大实践基础上，科学回答了党如何正确处理社会主义现代化建设中的若干重大关系，（    ）等一系列紧迫而重大的问题，进一步推进了改革开放和社会主义现代化建设事业。","如何完善社会主义市场经济体制","如何推进政治体制改革","如何解决经济发展与资源、环境的矛盾","如何保持国民经济的可持续发展","","ABCD","无","多选题"
"745","从党的十三届四中全会到党的十六大的13年中，在国际国内十分复杂的形势下，江泽民同志提出抓住机遇、（    ）的基本方针，领导我们制定和实施了促进改革发展稳定的一系列方针政策和重大战略。","深化改革","扩大开放","促进发展","保持稳定","","ABCD","无","多选题"
"746","江泽民同志是全党全军全国各族人民公认的享有崇高威望的卓越领导人，伟大的马克思主义者，伟大的无产阶级（    ），久经考验的共产主义战士，中国特色社会主义伟大事业的杰出领导者，党的第三代中央领导集体的核心，""三个代表""重要思想的主要创立者。","革命家","政治家","军事家","外交家","","ABCD","无","多选题"
"747","党的十六大以后，中国特色社会主义事业进入发展的关键期。以下关于这一时期的表述正确的是（    ）。","深入推进西部大开发，振兴东北地区等老工业基地，促进中部地区崛起，支持东部地区率先发展，促进区域协调发展","推进国有企业改革和发展，鼓励和支持发展非公有制经济，加快转变经济发展方式","推进以改善民生为重点的社会建设","妥善处理和应对海湾战争、亚洲金融危机、阿富汗战争等一系列重大事件","","ABC","无","多选题"
"748","以习近平同志为核心的党中央统筹把握（    ），坚持把马克思主义基本原理同中国具体实际相结合、同中华优秀传统文化相结合，创立了习近平新时代中国特色社会主义思想。","经济社会发展方向","中华民族伟大复兴战略全局","中国特色社会主义的前进方向","世界百年未有之大变局","","BD","无","多选题"
"749","以江泽民同志为主要代表的中国共产党人科学判断党的历史方位、深刻总结历史经验，旗帜鲜明地强调要坚定不移、毫不动摇地全面执行党的十一届三中全会以来的路线和基本政策，对在新的历史条件下（    ）等问题进行了长期思考和探索，提出了一系列创新性观点，丰富和发展了党的理论路线方针政策。","发展人类命运共同体","不断加强党的建设","巩固党的执政地位和坚持党的基本路线","加快社会主义现代化建设","","BCD","无","多选题"
"750","毛泽东强调要走一条有别于苏联的中国工业化道路，其内容包括：走中国工业化道路必须（　　）。","坚持对外开放政策","采取正确的经济建设方针","调整和完善所有制结构","积极探索适合我国情况的经济体制和运行机制","","BCD","无","多选题"
"751","以毛泽东同志为核心的党的第一代中央领导集体在探索过程中，虽然经历了严重曲折，但党在社会主义建设中取得的独创性理论成果和巨大成就，为新的历史时期开创中国特色社会主义提供了（　  ）。","物质基础","宝贵经验","改革目标","理论准备","","ABD","无","多选题"
"752","毛泽东在《论十大关系》中，前三条讲（　　）。这实际上是在论述如何开辟一条和苏联有所不同的中国工业化道路问题。","沿海工业和内地工业的关系","重工业和轻工业、农业的关系","经济建设和国防建设的关系","私营企业、合资企业和生产者个人的关系","","ABC","无","多选题"
"753","党领导人民探索社会主义建设道路所面对的严峻复杂的国内外形势有（　　）。","以美国为首的西方国家对中国采取敌视政策，并进行封锁和遏制，企图颠覆社会主义制度","我国社会主义建设的任务艰巨繁重","我国人口多、底子薄","我国经济文化比较落后","","ABCD","无","多选题"
"754","走中国工业化道路，积极探索适合我国情况的经济体制和运行机制的正确思想有（　　）。","陈云提出了要建立""适合于我国情况和人民需要的社会主义的市场"" 的思想","毛泽东主张企业要建立合理的规章制度和严格的责任制，要实行民主管理，实行""两参一改三结合""","刘少奇提出了使社会主义经济既有计划性又有多样性和灵活性的主张，以及按经济办法管理经济的思想","毛泽东提出了发展商品生产、利用价值规律的思想，要有计划地大力发展社会主义商品生产","","ABCD","无","多选题"
"755","关于正确处理人民内部矛盾的方针，用民主的方法解决人民内部矛盾，这是一个总方针。毛泽东提出的一系列具体方针、原则，下列属于这些方针、原则的有（　　）。","对于共产党和民主党派之间的矛盾，实行""长期共存、互相监督、肝胆相照、荣辱与共""的方针","政治思想领域的人民内部矛盾，实行""团结-批评-团结""的方针，坚持说服教育、讨论的方法","对于物质利益、分配方面的人民内部矛盾，实行统筹兼顾、适当安排的方针，兼顾国家、集体和个人三方面的利益","对于人民群众和政府机关的矛盾，要坚持民主集中制原则，克服政府机关的官僚主义，也要加强对群众的思想教育","","BCD","无","多选题"
"756","毛泽东提出""三个世界""划分的理论，以下不属于第三世界的是（    ）。","亚洲的发展中国家","苏联","美国","东欧国家","","BCD","无","多选题"
"757","毛泽东提出：""我们历来就主张，在人民民主专政下面，解决敌我之间的和人民内部的这两类不同性质的矛盾，采用专政和民主这样两种不同的方法。""所谓民主方法，就是（ 　）。","讨论的方法","批评的方法","说服教育的方法","剥夺政治权利的方法","","ABC","无","多选题"
"758","下列关于党在二十世纪五六十年代探索社会主义的发展阶段的说法中正确的是（   ）。","走中国工业化道路的思想","我国还处于并将长期处于社会主义初级阶段的思想","调动一切积极因素为社会主义事业服务的思想","正确认识和处理社会主义社会矛盾的思想","","ACD","无","多选题"
"759","新中国成立后，毛泽东曾多次指出(    )。","同一些资本主义国家发展经济贸易关系","要在平等的基础上开展同一切国家的经济技术交流","坚决不同资本主义国家发展经济贸易关系","要学习一切国家和民族的长处","","ABD","无","多选题"
"760","以下关于《论十大关系》的论述中，正确的有（    ）。","《论十大关系》确定了一个基本方针，就是""调动国内外一切积极因素，为社会主义建设服务""","《论十大关系》涉及生产力和生产关系、经济基础和上层建筑各个方面","《论十大关系》前五条主要讨论政治问题，后五条主要讨论经济问题","《论十大关系》标志着党探索中国社会主义建设道路的良好开端","","ABD","无","多选题"
"761","经济全球化是当今世界的（    ）等共同作用的结果，是历史发展不可阻挡的大趋势。","生产力","资本主义制度","世界市场","科学技术","","ACD","无","多选题"
"762","在社会主义建设道路初步探索时期，调动一切积极因素为社会主义事业服务，（　 　）。","必须发展社会主义民主政治","必须坚持中国共产党的领导","是党关于社会主义建设的一条极为重要的方针","对于最大限度地团结全国各族人民，为建设社会主义现代化国家而奋斗，具有长远的指导意义","","ABCD","无","多选题"
"763","习近平新时代中国特色社会主义思想是（    ）。","创新的马克思主义","当代中国马克思主义","21世纪马克思主义","民族的马克思主义","","BC","无","多选题"
"764","促使毛泽东和党的其他领导人思考如何走中国工业化道路的问题的原因有（　　）。","新中国刚刚建立的时候，我国的工业基础非常薄弱，很多工业领域甚至还是空白","新中国成立初期，党把实现国家工业化确定为新中国整个经济建设的主要任务","受苏联的影响，我国一度过多强调重工业和基础设施的发展，影响了农业和轻工业的发展，造成一定程度的比例失调","世界多极化格局已经形成","","ABC","无","多选题"
"765","社会主义社会存在着两类不同性质的矛盾，对于认识和处理人民内部矛盾表述正确的是（　　）。","一般情况下，人民内部矛盾不是对抗性的，但如果处理不当，也可能发生对抗","在我国，由于民族资产阶级有两面性，工人阶级同民族资产阶级的矛盾属于人民内部的矛盾","人民内部矛盾是在人民利益根本一致的基础上的矛盾，因而是非对抗性的矛盾","用民主的方法解决人民内部的矛盾，这是一个总方针","","ABCD","无","多选题"
"766","在全面建设社会主义时期，我国建立起独立的比较完整的工业体系和国民经济体系，这一时期的重大成就包括（    ）。","我国建立起独立的比较完整的工业体系和国民经济体系","农业生产条件显著改变","""两弹一星""等国防尖端科技不断取得突破","教育、科学、文化、卫生、体育事业有很大发展","","ABCD","无","多选题"
"767","1964年底,周恩来在三届全国人大一次会议上提出了实现""四个现代化""的历史任务,下列有关""四个现代化""，表述正确的是（    ）。","是中国共产党领导全国人民对社会主义建设道路进行长期探索所取得的重大成果","极大鼓舞了依靠自力更生、艰苦奋斗克服困难的中国人民","成为中国人民前赴后继、接续奋斗的不竭动力","是指导国家一切建设的根本指针","","ABC","无","多选题"
"768","在社会主义初步探索阶段，毛泽东就执政党建设问题提出了一系列独创性的思想，包括（   ）等。","党必须坚持马克思主义的指导并使马克思主义中国化时代化","党的建设要密切联系党的政治路线","必须坚持民主集中制的组织原则","必须坚持理论联系实际、密切联系群众、批评和自我批评","","ABCD","无","多选题"
"769","""十大关系""第（   ）条讲国家、生产单位和生产者个人的关系，中央和地方的关系，开始涉及经济体制改革。","二","三","四","五","","CD","无","多选题"
"770","党的八大正确分析了社会主义改造完成后我国社会主要矛盾的变化，据此，党中央要求各级党委要抓社会主义建设工作，全党要（   ）。","学科学","学技术","学新本领","学管理","","ABC","无","多选题"
"771","党的十九届六中全会指出，社会主义革命和建设时期，党面临的主要任务是，实现从新民主主义到社会主义的转变，进行社会主义革命，推进社会主义建设，为实现中华民族伟大复兴奠定（    ）。","物质基础","根本政治前提","文化前提","制度基础","","BD","无","多选题"
"772","我们党对建设社会主义现代化国家在认识上不断深入、在战略上不断成熟、在实践上不断丰富，对此，下列表述正确的有（    ）。","社会主义革命和建设时期，我们党提出实现农业、工业、国防、科学技术现代化的目标","改革开放和社会主义现代化建设新时期，我们党提出""中国式的现代化""论断，制定了""三步走""战略","党的十九大提出全面建成社会主义现代化强国""两步走""战略安排","党的二十大提出：从2020年到2035年基本实现社会主义现代化；从2035年到本世纪中叶把我国建成富强民主文明和谐美丽的社会主义现代化强国","","ABCD","无","多选题"
"773","关于祖国统一的问题，毛泽东在1956年4月提出（    ）等政策主张。","""和为贵""","""九二共识""","""爱国一家""","""爱国不分先后""","","ACD","无","多选题"
"774","1963年，周恩来将我们党提出的一系列和平解决台湾问题的思想、政策和主张归纳为""一纲四目""。下列关于""四目""的表述正确的有（    ）。","台湾归回祖国后，除外交必须统一于中央外，所有军政大权人事安排等悉由台湾领导人全权处理","所有军政及建设费用，不足之数，悉数自行负责","台湾之社会改革，可以从缓，必俟条件成熟，并尊重台湾领导人意见协商决定，然后进行","双方互约不派人进行破坏对方团结之事","","ACD","无","多选题"
"775","毛泽东在《论十大关系》报告中指出，充分调动一切积极因素，尽可能地克服消极因素，并且努力化消极因素为积极因素，这是社会主义事业前进的需要。对毛泽东这里讲的积极因素与消极因素，理解正确的有（　　）。","我们的任务是创造条件，大力促使消极因素向积极因素转化","包括党内外、国内外以及直接和间接的因素","社会主义建设的积极因素与消极因素的相互转化不需要任何条件","尽力防止积极因素向消极因素的逆转","","ABD","无","多选题"
"776","1981年，党的十一届六中全会提出了（ ）的方针，允许市场调节存在和发挥作用，这为形成社会主义市场经济理论开辟了道路。","计划经济为主","市场调节为辅","商品经济为主","政府调节为辅","","AB","无","多选题"
"777","党的十五大对社会主义初级阶段特征的概括包括（ ）。","逐步摆脱不发达状态，基本实现社会主义现代化的历史阶段","由自然经济半自然经济占很大比重，逐步转变为经济市场化程度较高的历史阶段","由地区经济文化很不平衡，通过有先有后的发展，逐步缩小差距的历史阶段","逐步缩小同世界先进水平的差距，在社会主义基础上实现中华民族伟大复兴的历史阶段","","ABCD","无","多选题"
"778","1978年，党的十三大提出了党在社会主义初级阶段的基本路线，其中，实现奋斗目标的基本途径有（ ）。","以经济建设为中心","坚持四项基本原则","坚持改革开放","党的自我革命","","ABC","无","多选题"
"779","1978年，党的十三大提出了党在社会主义初级阶段的基本路线，其中，""坚持改革开放""回答了社会主义的（ ）问题。","发展动力","外部条件","根本任务","政治保障","","AB","无","多选题"
"780","1979年3月，邓小平在党的理论工作务虚会上发表讲话。他指出，必须在思想上政治上坚持（ ）这四项基本原则。","社会主义道路","无产阶级专政","共产党的领导","马列主义毛泽东思想","","ABCD","无","多选题"
"781","""一个中心、两个基本点""是党在社会主义初级阶段基本路线的简明概括。其中，""两个基本点""指的是（ ）。","坚持四项基本原则","坚持改革开放","坚持党的领导","坚持市场经济","","AB","无","多选题"
"782","邓小平关于社会主义本质的理论概括是对传统社会主义观的发展，这是因为它（ ）。","突出强调解放和发展生产力，纠正了过去忽视生产力发展的错误观念","突出强调消灭剥削，消除两极分化，最终达到共同富裕的发展目标","否定了长期以来持有的社会主义必须坚持公有制和按劳分配原则的传统观念","摆脱了长期以来拘泥于具体模式而忽略社会主义本质的错误倾向","","ABD","无","多选题"
"783","在1978年3月全国科学大会的开幕式上，邓小平谈到社会生产力的巨大发展及劳动生产率的提高，最主要的就是靠（ ）的力量。","科学","技术","教育","工业","","AB","无","多选题"
"784","党的十三大把邓小平提出的（ ）构想确定下来。","可持续发展战略","科教兴国战略","""小康社会""思想","""三步走""的发展战略","","CD","无","多选题"
"785","为了更好地实现""三步走""的现代化发展战略，邓小平提出了以重点带动全局的思想。1982年9月，他提出三个战略重点，分别是（ ）。","工业","能源和交通","教育和科学","农业","","BCD","无","多选题"
"786","关于中国农业的长远发展战略，邓小平提出了两个飞跃的思想，分别是（ ）。","废除人民公社，实行家庭联产承包为主的责任制","发展适度规模经营，发展集体经济","建立农村集体经营性建设用地制度","推动区域产业结构调整和经济发展方式转变","","AB","无","多选题"
"787","习近平新时代中国特色社会主义思想科学回答了（    ）等重大时代课题。","新时代坚持和发展什么样的中国特色社会主义，怎样坚持和发展中国特色社会主义","实现什么样的人类发展、怎样实现人类发展","建设什么样的社会主义现代化强国、怎样建设社会主义现代化强国","建设什么样的长期执政的马克思主义政党、怎样建设长期执政的马克思主义政党","","ACD","无","多选题"
"788","实践证明，改革开放（ ）。","是决定当代中国命运的关键一招","是实现中华民族伟大复兴的关键一招","是当代中国的鲜明标志和活力源泉","只有进行时，没有完成时，必须毫不动摇地坚持","","ABCD","无","多选题"
"789","坚持解放思想、实事求是为改革开放提供了（ ）的理论指导，开辟了马克思主义新境界。","体现时代性","把握规律性","富于创新性","调动积极性","","ABC","无","多选题"
"790","1992年，邓小平在南方谈话中明确指出：""计划多一点还是市场多一点，不是社会主义与资本主义的本质区别。计划经济不等于社会主义，资本主义也有计划；市场经济不等于资本主义，社会主义也有市场。计划和市场都是经济手段。""这一精辟论述（ ）。","从理论上突破了计划经济和市场经济是制度属性的观念","从根本上解除了把计划经济和市场经济看做属于社会基本制度范畴的思想束缚","标志着邓小平的社会主义市场经济理论的形成","标志着社会主义市场经济体制的确立","","ABC","无","多选题"
"791","邓小平的社会主义市场经济理论具有丰富的内涵，主要包括（ ）。","计划经济和市场经济不是划分社会制度的标志","计划和市场都是经济手段，对经济活动的调节各有优劣","市场经济会导致资源配置效率低下","市场经济可以和不同的社会制度结合，从而表现出不同的性质","","ABD","无","多选题"
"792","在推进经济体制改革的进程中，邓小平提出社会主义也可以搞市场经济的思想，创立了社会主义市场经济理论。邓小平的社会主义市场经济理论（ ）。","标志着关于社会主义本质和社会主义发展道路理论的统一与创新","是中国特色社会主义政治经济学的重要组成部分","为社会主义市场经济体制改革目标的确立和中国特色社会主义经济建设提供了指南","实现了马克思主义政治经济学的重大创新","","BCD","无","多选题"
"793","精神文明建设在""三位一体""的总体布局中的战略地位，决定了它必须是（ ）的精神文明建设。","推动社会主义现代化","促进全面改革和实行对外开放","坚持四项基本原则","全面建设小康社会","","ABC","无","多选题"
"794","邓小平主张，坚持在和平共处五项原则的基础上，建立（ ）的国际新秩序。","和平","稳定","公正","合理","","ABCD","无","多选题"
"795","邓小平理论形成了一个比较完备的科学体系。这一科学体系贯通（ ）等领域，涵盖经济、政治、科技、教育、文化、民族、军事、外交、统一战线、党的建设等方面，为我们坚持走自己的路，建设中国特色社会主义提供了根本遵循。","哲学","政治经济学","科学社会主义","生态文明","","ABC","无","多选题"
"796","香港、澳门相继回归祖国对于解决台湾问题的示范作用是（ ）。","表现中国共产党治国理政和处理国际关系的卓越能力","表明中国人民实现祖国统一的坚强意志和决心","标志着中国人民在完成祖国统一大业的道路上取得了重要进展","和平统一是实现两岸统一的唯一方式","","ABC","无","多选题"
"797","""文化大革命""结束后，邓小平以他的远见卓识、丰富经验、高超领导艺术，（ ）。","推动进行各方面的拨乱反正","支持和领导开展真理标准问题的讨论","旗帜鲜明反对""两个凡是""的错误观点","强调实事求是是毛泽东思想的精髓","","ABCD","无","多选题"
"798","坚持对外开放这一基本国策的依据有（ ）。","它是对中国停滞落后的历史教训深刻总结的结果","它是为了适应社会主义现代化建设的需要","它是为了借鉴和吸收人类文明的一切优秀成果","它是对当代世界经济、科技发展和国际形势敏锐观察的结果","","ABCD","无","多选题"
"799","邓小平提出，科学技术是第一生产力。关于科学技术的论述，以下说法正确的是（ ）。","发展生产力离不开科学技术","科学技术是社会发展的决定性力量和社会形态更替的根本标志","四个现代化，关键是科学技术的现代化","邓小平关于""科学技术是第一生产力""的重大论断，反映了科学技术在当代发展的新形势和对我国现代化建设的新要求","","ACD","无","多选题"
"800","社会主义核心价值体系鲜明地回答了在新的历史条件下，我们党（   ）的重大问题。","如何加强自身建设的问题","用什么样的精神旗帜团结带领全体人民开拓前进","中华民族以什么样的精神风貌屹立于世界民族之林","如何改善党内监督的问题","","BC","无","多选题"
"801","1992年，邓小平在南方谈话中指出：""改革开放迈不开步子，不敢闯，说来说去就是怕资本主义的东西多了，走了资本主义道路。要害是姓'资'还是姓'社'的问题。""因此，判断改革和各方面工作是非得失的标准有（ ）。","是否有利于发展社会主义社会的生产力","是否有利于增强社会主义国家的综合国力","是否有利于提高人民生活水平","是否有利于坚持和加强党的全面领导","","ABC","无","多选题"
"802","中国特色社会主义理论体系以全新的视野进一步深化和丰富了对（    ）的认识，是内涵丰富、思想深刻、系统完整的科学理论体系。","共产主义发展规律","共产党执政规律","社会主义建设规律","人类社会发展规律","","BCD","无","多选题"
"803","邓小平同志指出：""说市场经济只存在于资本主义社会，只有资本主义的市场经济，这肯定是不正确的。""""为什么一谈市场就说是资本主义，只有计划才是社会主义呢？计划和市场都是方法嘛。只要对发展生产力有好处，就可以利用。它为社会主义服务，就是社会主义的；为资本主义服务，就是资本主义的。""这表明（ ）。","市场经济是资源配置的一种方式","计划和市场都是经济手段","计划经济和市场经济是划分社会制度的标志","市场经济本身具有制度属性","","AB","无","多选题"
"804","中国特色社会主义理论体系是中国共产党长期探索的伟大理论创造，同（    ）一脉相承又与时俱进，是马克思主义中国化时代化的重大理论成果。","空想社会主义","科学社会主义","马克思列宁主义","毛泽东思想","","CD","无","多选题"
"805","党的十一届三中全会以来，我们党在对社会主义再认识的过程中，在哲学、政治经济学和科学社会主义等方面，发挥和发展了一系列科学理论观点。以下观点表述正确的是（    ）。","关于解放思想，实事求是，以实践作为检验真理的唯一标准的观点","关于在经济文化落后的条件下，建设社会主义必须有一个很长的初级阶段的观点","关于改革是社会主义社会发展的重要动力，对外开放是实现社会主义现代化的必要条件的观点","关于执政党的党风关系到党的生死存亡的观点","","ABCD","无","多选题"
"806","1992年，邓小平南方谈话重申了深化改革、加速发展的必要性和重要性，深刻地总结了十多年改革开放的经验教训，在一系列重大的理论和实践问题上，提出了一系列重要论断，包括（    ）等。","社会主义的本质是解放生产力、发展生产力，消灭剥削，消除两极分化，最终达到共同富裕","按照独立自主、完全平等、互相尊重、互不干涉内部事务的原则，发展同外国共产党和其他政党的关系","要坚持两手抓，一手抓改革开放，一手抓打击各种犯罪活动，这两只手都要硬","""三个有利于""标准","","ACD","无","多选题"
"807","党的十四大系统总结了改革开放以来十四年取得的巨大成就。以下表述正确的是（    ）。","从九个方面概括了中国特色社会主义理论的主要内容","党的十四大报告系统阐释了中国特色社会主义理论的历史地位和指导意义","高度评价了邓小平对开创中国特色社会主义理论的杰出贡献","把邓小平理论确立为党的指导思想并写入党章","","ABC","无","多选题"
"808","""三个代表""重要思想是以江泽民同志为主要代表的中国共产党人，在（    ）的伟大实践中形成和发展起来的。","开创全面改革开放新局面","中国特色社会主义新时代","推进党的建设新的伟大工程","成功把中国特色社会主义推向21世纪","","ACD","无","多选题"
"809","党的十四届四中全会通过了《中共中央关于加强党的建设几个重大问题的决定》，分析了党的建设面临的形势，指出，""党必须善于在改革开放的新形势下（    ），认真研究和解决在自身建设中出现的新矛盾新问题""。","革新自己","认识自己","加强自己","提高自己","","BCD","无","多选题"
"810","关于""三个代表""重要思想的提出过程，以下表述正确的是（    ）。","党的十三届四中全会提出了大力加强党的建设，坚决惩治腐败的要求","党的十四大系统论述了加强党的建设和改善党的领导问题","党的十五大上，江泽民高度概括了新时期党的建设新的伟大工程的总目标","江泽民先后在多地考察工作时就加强新时期党的建设进行了调研，对关系新时期党建工作全局的重大理论问题和现实问题作出了系统、科学的回答","","ABCD","无","多选题"
"811","在党的十五大上，江泽民将新时期党的建设新的伟大工程的总目标，高度概括为：""把党建设成为用邓小平理论武装起来、（    ）、领导全国人民建设有中国特色社会主义的马克思主义政党。""","全心全意为人民服务","思想上政治上组织上完全巩固","能够经受住各种风险","始终走在时代前列","","ABCD","无","多选题"
"812","2000年6月28日，江泽民在中央思想政治工作会议上，提出了（    ），深刻揭示了""三个代表""重要思想产生的历史起点和逻辑起点，反映了""三个代表""重要思想提出的时代背景和发展的现实依据。","如何认识社会主义发展的历史进程","如何认识资本主义发展的历史进程","如何认识我国社会主义改革实践过程对人们思想的影响","如何认识当今的国际环境和国际政治斗争带来的影响","","ABCD","无","多选题"
"813","始终做到""三个代表""，是我们党的（    ）。","生命之根","立党之本","执政之基","力量之源","","BCD","无","多选题"
"814","邓小平回答了""什么是社会主义、怎样建设社会主义""这一重大问题意味着（ ）。","我们已经完全掌握了对社会主义的认识","继承、丰富和发展了马克思列宁主义、毛泽东思想","提出了新的世界观和方法论","对建设有中国特色社会主义有重大的实践指导意义","","BD","无","多选题"
"815","科学发展观（    ），把我们对中国特色社会主义规律的认识提高到新的水平。党的十八大进一步把科学发展观确立为党必须长期坚持的指导思想。","是马克思主义同当代中国实际和时代特征相结合的产物","是马克思主义关于发展的世界观和方法论的集中体现","对新形势下实现什么样的发展、怎样发展等重大问题作出了新的科学回答","确立了社会主义市场经济体制的改革目标和基本框架","","ABC","无","多选题"
"816","党的十一届三中全会以后，邓小平提出，（ ），这是中国的现实国情，强调中国的现代化建设必然是长期的过程。","人口多","底子薄","生产力落后","生态差","","ABC","无","多选题"
"817","中国特色社会主义理论体系，是中国共产党人（    ）逐步形成和发展起来的。","在对国际形势深刻变化和世界发展新趋势的深刻把握中","在对建设社会主义正反两方面经验的认真总结和对我国发展历史方位的科学判断中","在对国外发展模式的有效借鉴中","在对中国特色社会主义建设实践经验的科学总结中","","ABD","无","多选题"
"818","中国共产党从新的实践和时代特征出发坚持和发展马克思主义，形成、发展了中国特色社会主义理论体系，系统回答了在中国这样一个十几亿人口的发展中大国如何（    ）等一系列重大课题，开辟了马克思主义中国化时代化新境界。","快速实现共产主义","加快实现现代化","巩固和发展社会主义","建设长期执政的马克思主义政党","","BCD","无","多选题"
"819","党的十八大以来的十年间，我们坚持马克思列宁主义、毛泽东思想、邓小平理论、""三个代表""重要思想、科学发展观，全面贯彻习近平新时代中国特色社会主义思想，全面贯彻党的基本路线、基本方略，（    ），经受住了来自政治、经济、意识形态、自然界等方面的风险挑战考验，党和国家事业取得历史性成就、发生历史性变革，推动我国迈上全面建设社会主义现代化国家新征程。","采取一系列战略性举措","推进一系列变革性实践","实现一系列突破性进展","取得一系列标志性成果","","ABCD","无","多选题"
"820","党的十九大、十九届六中全会提出的（    ）概括了习近平新时代中国特色社会主义思想的主要内容，必须长期坚持并不断丰富发展。","""十个明确""","""十个坚持""","""十四个坚持""","""十三个方面成就""","","ACD","无","多选题"
"821","邓小平对社会主义本质的概括揭示了消灭剥削，消除两极分化只有在坚持（ ）为主体的条件下才能实现。","公有制","按劳分配","私有制","按需分配","","AB","无","多选题"
"822","邓小平对社会主义本质的概括实质上体现了社会主义发展的价值目标，体现了（ ）的统一。","发展手段","发展目的","发展结果","发展程度","","AB","无","多选题"
"823","对社会主义市场经济体制认识正确的有（ ）。","它是只运用市场调节手段的经济体制","它是与资本主义市场经济体制毫无共同点的经济体制","它在所有制结构上，以公有制为主体、多种所有制经济共同发展","它是同社会主义基本制度结合在一起的市场经济体制","","CD","无","多选题"
"824","《解放思想，实事求是，团结一致向前看》的重要讲话,（ ）。","是开辟新时期新道路的宣言书","标志着党重新确立了马克思主义的思想路线、政治路线和组织路线","标志着党探索中国社会主义建设的良好开端","开启了全面建设小康社会新征程","","AB","无","多选题"
"825","坚持解放思想、实事求是的思想路线，解决了一系列重大理论和实践问题，包括（ ）。","有力推动和保证了拨乱反正的进行","破除了僵化的社会主义模式观念，坚持走自己的路","一切从社会主义初级阶段的实际出发","破除了在改革开放进程中离开发展生产力抽象谈论姓""社""姓""资""的思维定势","","ABCD","无","多选题"
"826","坚持解放思想和实事求是的统一，要注意克服（ ），掌握唯物辩证法，按客观规律办事。","主观主义","盲目性","片面性","绝对化","","ABCD","无","多选题"
"827","党的十八大以来，以习近平同志为核心的党中央领导全党全军全国各族人民砥砺前行，党和国家事业取得历史性成就、发生历史性变革，为实现中华民族伟大复兴提供了（    ）。","更为和平的外部环境","更为完善的制度保证","更为坚实的物质基础","更为主动的精神力量","","BCD","无","多选题"
"828","2004年3月，胡锦涛在中央人口资源环境座谈会上发表重要讲话，明确界定了（    ）的深刻内涵和基本要求。标志着科学发展观的形成。","""以人为本""","""全面发展""","""协调发展""","""可持续发展""","","ABCD","无","多选题"
